section,table_num,table_code,table_title,table_records,table_html,unitid,file,year
H,2,H2,full-time undergraduates who applied for and were awarded financial aid from any source.,"[[{0: 'Number of Enrolled Students Awarded Aid', 1: ''}, {0: 'First-time, Full-time, First-year Students', 1: 'Number'}]]","<table> <tr> <td> Number of Enrolled Students Awarded Aid </td> <td> </td> </tr> <tr> <td> First-time, Full-time, First-year Students </td> <td> Number </td> </tr> </table>",146427,../data/cds-docs/2024-2025/146427.pdf,2024-2025
H,1102,H1102,or within____weeks of notification.,"[[{0: '', 1: 'Types of Aid Available\nPlease check off all types of aid available to undergraduates at your institution:'}, {0: 'H12', 1: 'Loans'}]]",<table> <tr> <td> </td> <td> Types of Aid Available <br/> Please check off all types of aid available to undergraduates at your institution: </td> </tr> <tr> <td> H12 </td> <td> Loans </td> </tr> </table>,146427,../data/cds-docs/2024-2025/146427.pdf,2024-2025
B,1,B1,Institutional Enrollment - Men and Women,"[[{0: '', 1: 'FULL-TIME', 2: 'FULL-TIME', 3: 'FULL-TIME', 4: 'PART-TIME', 5: 'PART-TIME', 6: 'PART-TIME'}, {0: '', 1: 'Men\nWomen Another Gender', 2: 'Men\nWomen Another Gender', 3: 'Men\nWomen Another Gender', 4: 'Men\nWomen Another Gender', 5: 'Men\nWomen Another Gender', 6: 'Men\nWomen Another Gender'}, {0: 'Undergraduates', 1: 'Undergraduates', 2: 'Undergraduates', 3: 'Undergraduates', 4: 'Undergraduates', 5: 'Undergraduates', 6: 'Undergraduates'}, {0: 'Degree-seeking, first-time\nfreshmen', 1: '132', 2: '115', 3: '0', 4: '0', 5: '0', 6: '0'}, {0: 'Other first-year, degree-seeking', 1: '0', 2: '0', 3: '0', 4: '0', 5: '0', 6: '0'}, {0: 'All other degree-seeking', 1: '330', 2: '470', 3: '2', 4: '1', 5: '3', 6: '0'}, {0: 'Total degree-seeking', 1: '462', 2: '585', 3: '2', 4: '1', 5: '3', 6: '0'}, {0: 'All other undergraduates enrolled\nin credit courses', 1: '0', 2: '0', 3: '0', 4: '3', 5: '4', 6: '0'}, {0: 'Total undergraduates', 1: '462', 2: '585', 3: '2', 4: '4', 5: '7', 6: '0'}, {0: 'Graduate', 1: 'Graduate', 2: 'Graduate', 3: 'Graduate', 4: 'Graduate', 5: 'Graduate', 6: 'Graduate'}, {0: 'Degree-seeking, first-time', 1: '0', 2: '0', 3: '0', 4: '0', 5: '0', 6: '0'}, {0: 'All other degree-seeking', 1: '0', 2: '0', 3: '0', 4: '0', 5: '0', 6: '0'}, {0: 'All other graduates enrolled in\ncredit courses', 1: '0', 2: '0', 3: '0', 4: '0', 5: '0', 6: '0'}, {0: 'Total graduate', 1: '0', 2: '0', 3: '0', 4: '0', 5: '0', 6: '0'}, {0: 'Total all students', 1: '462', 2: '585', 3: '2', 4: '4', 5: '7', 6: '0'}]]","<table> <tr> <td rowspan=""2""> </td> <td colspan=""3""> FULL-TIME </td> <td colspan=""3""> PART-TIME </td> </tr> <tr> <td colspan=""3""> Men <br/> Women Another Gender </td> <td colspan=""3""> Men <br/> Women Another Gender </td> </tr> <tr> <td colspan=""7""> Undergraduates </td> </tr> <tr> <td> Degree-seeking, first-time <br/> freshmen </td> <td> 132 </td> <td> 115 </td> <td> 0 </td> <td> 0 </td> <td> 0 </td> <td> 0 </td> </tr> <tr> <td> Other first-year, degree-seeking </td> <td> 0 </td> <td> 0 </td> <td> 0 </td> <td> 0 </td> <td> 0 </td> <td> 0 </td> </tr> <tr> <td> All other degree-seeking </td> <td> 330 </td> <td> 470 </td> <td> 2 </td> <td> 1 </td> <td> 3 </td> <td> 0 </td> </tr> <tr> <td> Total degree-seeking </td> <td> 462 </td> <td> 585 </td> <td> 2 </td> <td> 1 </td> <td> 3 </td> <td> 0 </td> </tr> <tr> <td> All other undergraduates enrolled <br/> in credit courses </td> <td> 0 </td> <td> 0 </td> <td> 0 </td> <td> 3 </td> <td> 4 </td> <td> 0 </td> </tr> <tr> <td> Total undergraduates </td> <td> 462 </td> <td> 585 </td> <td> 2 </td> <td> 4 </td> <td> 7 </td> <td> 0 </td> </tr> <tr> <td colspan=""7""> Graduate </td> </tr> <tr> <td> Degree-seeking, first-time </td> <td> 0 </td> <td> 0 </td> <td> 0 </td> <td> 0 </td> <td> 0 </td> <td> 0 </td> </tr> <tr> <td> All other degree-seeking </td> <td> 0 </td> <td> 0 </td> <td> 0 </td> <td> 0 </td> <td> 0 </td> <td> 0 </td> </tr> <tr> <td> All other graduates enrolled in <br/> credit courses </td> <td> 0 </td> <td> 0 </td> <td> 0 </td> <td> 0 </td> <td> 0 </td> <td> 0 </td> </tr> <tr> <td> Total graduate </td> <td> 0 </td> <td> 0 </td> <td> 0 </td> <td> 0 </td> <td> 0 </td> <td> 0 </td> </tr> <tr> <td> Total all students </td> <td> 462 </td> <td> 585 </td> <td> 2 </td> <td> 4 </td> <td> 7 </td> <td> 0 </td> </tr> </table>",146427,../data/cds-docs/2022-2023/146427.pdf,2022-2023
B,2,B2,Enrollment by Racial/Ethnic Category.,"[[{0: '', 1: 'Degree-Seeking\nFirst-Time\nFirst Year', 2: 'Degree-Seeking\nUndergraduates\n(include first-time\nfirst-year)', 3: 'Total\nUndergraduates (both\ndegree & non-degree\ufffe\nseeking)'}, {0: 'Nonresidents', 1: '54', 2: '190', 3: '193'}, {0: 'Hispanic/Latino', 1: '27', 2: '138', 3: '139'}, {0: 'Black or African American, non-Hispanic', 1: '19', 2: '68', 3: '68'}, {0: 'White, non-Hispanic', 1: '112', 2: '512', 3: '515'}, {0: 'American Indian or Alaska Native, non-Hispanic', 1: '0', 2: '3', 3: '3'}, {0: 'Asian, non-Hispanic', 1: '14', 2: '47', 3: '47'}, {0: 'Native Hawaiian or other Pacific Islander, non-Hispa', 1: '0', 2: '0', 3: '0'}, {0: 'Two or more races, non-Hispanic', 1: '17', 2: '67', 3: '67'}, {0: 'Race and/or ethnicity unknown', 1: '4', 2: '28', 3: '28'}, {0: 'TOTAL', 1: '247', 2: '1,053', 3: '1,060'}]]","<table> <tr> <td> </td> <td> Degree-Seeking <br/> First-Time <br/> First Year </td> <td> Degree-Seeking <br/> Undergraduates <br/> (include first-time <br/> first-year) </td> <td> Total <br/> Undergraduates (both <br/> degree &amp; non-degree￾ <br/> seeking) </td> </tr> <tr> <td> Nonresidents </td> <td> 54 </td> <td> 190 </td> <td> 193 </td> </tr> <tr> <td> Hispanic/Latino </td> <td> 27 </td> <td> 138 </td> <td> 139 </td> </tr> <tr> <td> Black or African American, non-Hispanic </td> <td> 19 </td> <td> 68 </td> <td> 68 </td> </tr> <tr> <td> White, non-Hispanic </td> <td> 112 </td> <td> 512 </td> <td> 515 </td> </tr> <tr> <td> American Indian or Alaska Native, non-Hispanic </td> <td> 0 </td> <td> 3 </td> <td> 3 </td> </tr> <tr> <td> Asian, non-Hispanic </td> <td> 14 </td> <td> 47 </td> <td> 47 </td> </tr> <tr> <td> Native Hawaiian or other Pacific Islander, non-Hispa </td> <td> 0 </td> <td> 0 </td> <td> 0 </td> </tr> <tr> <td> Two or more races, non-Hispanic </td> <td> 17 </td> <td> 67 </td> <td> 67 </td> </tr> <tr> <td> Race and/or ethnicity unknown </td> <td> 4 </td> <td> 28 </td> <td> 28 </td> </tr> <tr> <td> TOTAL </td> <td> 247 </td> <td> 1,053 </td> <td> 1,060 </td> </tr> </table>",146427,../data/cds-docs/2022-2023/146427.pdf,2022-2023
B,11,B11,) into four groups:,"[[{0: '', 1: 'Recipients of a\nFederal Grant Pell', 2: 'Recipients of a\nSubsidized\nStafford Loan\nwho did not\nreceive Grant a Pell', 3: 'Students who did\nnot receive either\na Pell Grant or a\nsubsidized\nStafford Loan', 4: 'Total\n(sum of 3 columns to\nthe left)'}, {0: ""Initial 2016 cohort of first-time, full\ufffe\ntime, bachelor's (or equivalent)\ndegree-seeking undergraduate\nstudents"", 1: '102', 2: '85', 3: '160', 4: '347'}, {0: 'Of the initial 2016 cohort, how many\ndid not persist and did not graduate\nfor the following reasons:\n• Deceased\n• Permanently Disabled\n• Armed Forces\n• Foreign Aid Service of the Federal\nGovernment\n• Official church missions\n• Report Total Allowable Exclusions', 1: '0', 2: '0', 3: '0', 4: '0'}, {0: 'Final 2016 cohort, after adjusting for\nallowable exclusions', 1: '102', 2: '85', 3: '160', 4: '347'}, {0: 'Of the initial 2016 cohort, how many\ncompleted the program in four years\nor less (by Aug. 31, 2019)', 1: '64', 2: '61', 3: '105', 4: '230'}, {0: 'Of the initial 2016 cohort, how many\ncompleted the program in more than\nfour years but in five years or less\n(after Aug. 31, 2019 and by Aug. 31,\n2020)', 1: '8', 2: '3', 3: '9', 4: '20'}, {0: 'Of the initial 2016 cohort, how many\ncompleted the program in more than\nfive years but in six years or less\n(after Aug. 31, 2021 and by Aug. 31,\n2022)', 1: '4', 2: '1', 3: '3', 4: '8'}, {0: 'Total graduating within six years\n(sum of lines D, E, and F)', 1: '76', 2: '65', 3: '117', 4: '258'}, {0: 'Six-year graduation rate for 2016\ncohort (G divided by C)', 1: '74.5%', 2: '76.5%', 3: '73.1%', 4: '74.4%'}]]","<table> <tr> <td> </td> <td> Recipients of a <br/> Federal Grant Pell </td> <td> Recipients of a <br/> Subsidized <br/> Stafford Loan <br/> who did not <br/> receive Grant a Pell </td> <td> Students who did <br/> not receive either <br/> a Pell Grant or a <br/> subsidized <br/> Stafford Loan </td> <td> Total <br/> (sum of 3 columns to <br/> the left) </td> </tr> <tr> <td> Initial 2016 cohort of first-time, full￾ <br/> time, bachelor's (or equivalent) <br/> degree-seeking undergraduate <br/> students </td> <td> 102 </td> <td> 85 </td> <td> 160 </td> <td> 347 </td> </tr> <tr> <td> Of the initial 2016 cohort, how many <br/> did not persist and did not graduate <br/> for the following reasons: <br/> • Deceased <br/> • Permanently Disabled <br/> • Armed Forces <br/> • Foreign Aid Service of the Federal <br/> Government <br/> • Official church missions <br/> • Report Total Allowable Exclusions </td> <td> 0 </td> <td> 0 </td> <td> 0 </td> <td> 0 </td> </tr> <tr> <td> Final 2016 cohort, after adjusting for <br/> allowable exclusions </td> <td> 102 </td> <td> 85 </td> <td> 160 </td> <td> 347 </td> </tr> <tr> <td> Of the initial 2016 cohort, how many <br/> completed the program in four years <br/> or less (by Aug. 31, 2019) </td> <td> 64 </td> <td> 61 </td> <td> 105 </td> <td> 230 </td> </tr> <tr> <td> Of the initial 2016 cohort, how many <br/> completed the program in more than <br/> four years but in five years or less <br/> (after Aug. 31, 2019 and by Aug. 31, <br/> 2020) </td> <td> 8 </td> <td> 3 </td> <td> 9 </td> <td> 20 </td> </tr> <tr> <td> Of the initial 2016 cohort, how many <br/> completed the program in more than <br/> five years but in six years or less <br/> (after Aug. 31, 2021 and by Aug. 31, <br/> 2022) </td> <td> 4 </td> <td> 1 </td> <td> 3 </td> <td> 8 </td> </tr> <tr> <td> Total graduating within six years <br/> (sum of lines D, E, and F) </td> <td> 76 </td> <td> 65 </td> <td> 117 </td> <td> 258 </td> </tr> <tr> <td> Six-year graduation rate for 2016 <br/> cohort (G divided by C) </td> <td> 74.5% </td> <td> 76.5% </td> <td> 73.1% </td> <td> 74.4% </td> </tr> </table>",146427,../data/cds-docs/2022-2023/146427.pdf,2022-2023
B,12,B12,"Initial cohort, total of first-time, full-time degree/certificate-seeking students:","[[{0: '', 1: '2018 Cohort', 2: '2017 Cohort'}, {0: 'Initial cohort, total of first-time, full-time degree/certificate-seeking students:', 1: '', 2: ''}, {0: 'Of the initial cohort, how many did not persist and did not graduate for the following reasons:', 1: '', 2: ''}, {0: 'Final cohort, after adjusting for allowable exclusions:', 1: '0', 2: '0'}, {0: 'Completers of programs of less than two years duration (total):', 1: '', 2: ''}, {0: 'Completers of programs of less than two years within 150 percent of normal time:', 1: '', 2: ''}, {0: 'Completers of programs of at least two but less than four years (total):', 1: '', 2: ''}, {0: 'Completers of programs of at least two but less than four-years within 150 percent of normal time:', 1: '', 2: ''}, {0: 'Total transfers-out (within three years) to other institutions:', 1: '', 2: ''}, {0: 'Total transfers to two-year institutions:', 1: '', 2: ''}, {0: 'Total transfers to four-year institutions:', 1: '', 2: ''}]]","<table> <tr> <td> </td> <td> 2018 Cohort </td> <td> 2017 Cohort </td> </tr> <tr> <td> Initial cohort, total of first-time, full-time degree/certificate-seeking students: </td> <td> </td> <td> </td> </tr> <tr> <td> Of the initial cohort, how many did not persist and did not graduate for the following reasons: </td> <td> </td> <td> </td> </tr> <tr> <td> Final cohort, after adjusting for allowable exclusions: </td> <td> 0 </td> <td> 0 </td> </tr> <tr> <td> Completers of programs of less than two years duration (total): </td> <td> </td> <td> </td> </tr> <tr> <td> Completers of programs of less than two years within 150 percent of normal time: </td> <td> </td> <td> </td> </tr> <tr> <td> Completers of programs of at least two but less than four years (total): </td> <td> </td> <td> </td> </tr> <tr> <td> Completers of programs of at least two but less than four-years within 150 percent of normal time: </td> <td> </td> <td> </td> </tr> <tr> <td> Total transfers-out (within three years) to other institutions: </td> <td> </td> <td> </td> </tr> <tr> <td> Total transfers to two-year institutions: </td> <td> </td> <td> </td> </tr> <tr> <td> Total transfers to four-year institutions: </td> <td> </td> <td> </td> </tr> </table>",146427,../data/cds-docs/2022-2023/146427.pdf,2022-2023
C,1,C1,"First-time, first-year students: Provide the number of degree-seeking, first-time, first-year students who","[[{0: 'Total first-time, first-year men who applied', 1: '1543'}, {0: 'Total first-time, first-year women who applied', 1: '1453'}, {0: 'Total first-time, first-year of another gender who applied', 1: ''}], [{0: 'Total first-time, first-year men who were admitted', 1: '1077'}, {0: 'Total first-time, first-year women who were admitted', 1: '1113'}, {0: 'Total first-time, first-year of another gender who were admitted', 1: ''}], [{0: 'Total full-time, first-time, first-year men who enrolled', 1: '132'}, {0: 'Total part-time, first-time, first-year men who enrolled', 1: ''}], [{0: 'Total full-time, first-time, first-year women who enrolled', 1: '115'}, {0: 'Total part-time, first-time, first-year women who enrolled', 1: ''}]]","<table> <tr> <td> Total first-time, first-year men who applied </td> <td> 1543 </td> </tr> <tr> <td> Total first-time, first-year women who applied </td> <td> 1453 </td> </tr> <tr> <td> Total first-time, first-year of another gender who applied </td> <td> </td> </tr> </table><div class=""separator""></div><table> <tr> <td> Total first-time, first-year men who were admitted </td> <td> 1077 </td> </tr> <tr> <td> Total first-time, first-year women who were admitted </td> <td> 1113 </td> </tr> <tr> <td> Total first-time, first-year of another gender who were admitted </td> <td> </td> </tr> </table><div class=""separator""></div><table> <tr> <td> Total full-time, first-time, first-year men who enrolled </td> <td> 132 </td> </tr> <tr> <td> Total part-time, first-time, first-year men who enrolled </td> <td> </td> </tr> </table><div class=""separator""></div><table> <tr> <td> Total full-time, first-time, first-year women who enrolled </td> <td> 115 </td> </tr> <tr> <td> Total part-time, first-time, first-year women who enrolled </td> <td> </td> </tr> </table>",146427,../data/cds-docs/2022-2023/146427.pdf,2022-2023
C,2,C2,"First-time, first-year wait-listed students","[[{0: 'WAITING LIST', 1: 'TOTAL'}, {0: 'Number of qualified applicants offered a place on waiting list:', 1: '8'}, {0: 'Number accepting a place on the waiting list:', 1: '1'}, {0: 'Number of wait-listed students admitted:', 1: '1'}]]",<table> <tr> <td> WAITING LIST </td> <td> TOTAL </td> </tr> <tr> <td> Number of qualified applicants offered a place on waiting list: </td> <td> 8 </td> </tr> <tr> <td> Number accepting a place on the waiting list: </td> <td> 1 </td> </tr> <tr> <td> Number of wait-listed students admitted: </td> <td> 1 </td> </tr> </table>,146427,../data/cds-docs/2022-2023/146427.pdf,2022-2023
C,5,C5,Distribution of high school units required and/or recommended. Specify the distribution of academic,"[[{0: '', 1: 'Required Units', 2: 'Units\nRecommended'}, {0: 'Total academic units', 1: '', 2: '17'}, {0: 'English', 1: '', 2: '4'}, {0: 'Mathematics', 1: '', 2: '4'}, {0: 'Science', 1: '', 2: '3'}, {0: 'Of these, units that must be\nlab', 1: '', 2: '2'}, {0: 'Foreign language', 1: '', 2: '3'}, {0: 'Social studies', 1: '', 2: '2'}, {0: 'History', 1: '', 2: '1'}, {0: 'Academic electives', 1: '', 2: ''}, {0: 'Computer Science', 1: '', 2: ''}, {0: 'Visual/Performing Arts', 1: '', 2: ''}, {0: 'Other (specify)', 1: '', 2: ''}]]","<table> <tr> <td> </td> <td> Required Units </td> <td> Units <br/> Recommended </td> </tr> <tr> <td> Total academic units </td> <td> </td> <td> 17 </td> </tr> <tr> <td> English </td> <td> </td> <td> 4 </td> </tr> <tr> <td> Mathematics </td> <td> </td> <td> 4 </td> </tr> <tr> <td> Science </td> <td> </td> <td> 3 </td> </tr> <tr> <td> Of these, units that must be <br/> lab </td> <td> </td> <td> 2 </td> </tr> <tr> <td> Foreign language </td> <td> </td> <td> 3 </td> </tr> <tr> <td> Social studies </td> <td> </td> <td> 2 </td> </tr> <tr> <td> History </td> <td> </td> <td> 1 </td> </tr> <tr> <td> Academic electives </td> <td> </td> <td> </td> </tr> <tr> <td> Computer Science </td> <td> </td> <td> </td> </tr> <tr> <td> Visual/Performing Arts </td> <td> </td> <td> </td> </tr> <tr> <td> Other (specify) </td> <td> </td> <td> </td> </tr> </table>",146427,../data/cds-docs/2022-2023/146427.pdf,2022-2023
C,7,C7,"Relative importance of each of the following academic and nonacademic factors in your first-time,","[[{0: '', 1: 'Very Important', 2: 'Important', 3: 'Considered', 4: 'Not Considered'}, {0: 'Academic', 1: 'Academic', 2: 'Academic', 3: 'Academic', 4: 'Academic'}, {0: 'Rigor of secondary school record', 1: 'X', 2: '', 3: '', 4: ''}, {0: 'Class rank', 1: '', 2: 'X', 3: '', 4: ''}, {0: 'Academic GPA', 1: 'X', 2: '', 3: '', 4: ''}, {0: 'Standardized test scores', 1: '', 2: '', 3: 'X', 4: ''}, {0: 'Application Essay', 1: '', 2: 'X', 3: '', 4: ''}, {0: 'Recommendation(s)', 1: '', 2: 'X', 3: '', 4: ''}, {0: 'Nonacademic', 1: 'Nonacademic', 2: 'Nonacademic', 3: 'Nonacademic', 4: 'Nonacademic'}, {0: 'Interview', 1: '', 2: '', 3: 'X', 4: ''}, {0: 'Extracurricular activities', 1: '', 2: '', 3: 'X', 4: ''}, {0: 'Talent/ability', 1: '', 2: '', 3: 'X', 4: ''}, {0: 'Character/personal qualities', 1: '', 2: '', 3: 'X', 4: ''}, {0: 'First generation', 1: '', 2: '', 3: 'X', 4: ''}, {0: 'Alumni/ae relation', 1: '', 2: '', 3: 'X', 4: ''}, {0: 'Geographical residence', 1: '', 2: '', 3: 'X', 4: ''}, {0: 'State residency', 1: '', 2: '', 3: 'X', 4: ''}, {0: 'Religious affiliation/commitment', 1: '', 2: '', 3: '', 4: 'X'}, {0: 'Racial/ethnic status', 1: '', 2: '', 3: 'X', 4: ''}, {0: 'Volunteer work', 1: '', 2: '', 3: 'X', 4: ''}, {0: 'Work experience', 1: '', 2: '', 3: 'X', 4: ''}, {0: 'Level of applicant’s interest', 1: '', 2: '', 3: 'X', 4: ''}]]","<table> <tr> <td> </td> <td> Very Important </td> <td> Important </td> <td> Considered </td> <td> Not Considered </td> </tr> <tr> <td colspan=""5""> Academic </td> </tr> <tr> <td> Rigor of secondary school record </td> <td> X </td> <td> </td> <td> </td> <td> </td> </tr> <tr> <td> Class rank </td> <td> </td> <td> X </td> <td> </td> <td> </td> </tr> <tr> <td> Academic GPA </td> <td> X </td> <td> </td> <td> </td> <td> </td> </tr> <tr> <td> Standardized test scores </td> <td> </td> <td> </td> <td> X </td> <td> </td> </tr> <tr> <td> Application Essay </td> <td> </td> <td> X </td> <td> </td> <td> </td> </tr> <tr> <td> Recommendation(s) </td> <td> </td> <td> X </td> <td> </td> <td> </td> </tr> <tr> <td colspan=""5""> Nonacademic </td> </tr> <tr> <td> Interview </td> <td> </td> <td> </td> <td> X </td> <td> </td> </tr> <tr> <td> Extracurricular activities </td> <td> </td> <td> </td> <td> X </td> <td> </td> </tr> <tr> <td> Talent/ability </td> <td> </td> <td> </td> <td> X </td> <td> </td> </tr> <tr> <td> Character/personal qualities </td> <td> </td> <td> </td> <td> X </td> <td> </td> </tr> <tr> <td> First generation </td> <td> </td> <td> </td> <td> X </td> <td> </td> </tr> <tr> <td> Alumni/ae relation </td> <td> </td> <td> </td> <td> X </td> <td> </td> </tr> <tr> <td> Geographical residence </td> <td> </td> <td> </td> <td> X </td> <td> </td> </tr> <tr> <td> State residency </td> <td> </td> <td> </td> <td> X </td> <td> </td> </tr> <tr> <td> Religious affiliation/commitment </td> <td> </td> <td> </td> <td> </td> <td> X </td> </tr> <tr> <td> Racial/ethnic status </td> <td> </td> <td> </td> <td> X </td> <td> </td> </tr> <tr> <td> Volunteer work </td> <td> </td> <td> </td> <td> X </td> <td> </td> </tr> <tr> <td> Work experience </td> <td> </td> <td> </td> <td> X </td> <td> </td> </tr> <tr> <td> Level of applicant’s interest </td> <td> </td> <td> </td> <td> X </td> <td> </td> </tr> </table>",146427,../data/cds-docs/2022-2023/146427.pdf,2022-2023
C,8,C8,"A If yes, place check marks in the appropriate boxes below to reflect your institution’s policies for use in admission for Fall","[[{0: '', 1: 'ADMISSION', 2: 'ADMISSION', 3: 'ADMISSION', 4: 'ADMISSION', 5: 'ADMISSION'}, {0: '', 1: 'Require', 2: 'Recommend', 3: 'Require for Some', 4: 'Consider if\nSubmitted', 5: 'Considered Not'}, {0: 'SAT or ACT', 1: '', 2: '', 3: 'x', 4: 'x', 5: ''}, {0: 'ACT Only', 1: '', 2: '', 3: '', 4: '', 5: ''}, {0: 'SAT Only', 1: '', 2: '', 3: '', 4: '', 5: ''}]]","<table> <tr> <td rowspan=""2""> </td> <td colspan=""5""> ADMISSION </td> </tr> <tr> <td> Require </td> <td> Recommend </td> <td> Require for Some </td> <td> Consider if <br/> Submitted </td> <td> Considered Not </td> </tr> <tr> <td> SAT or ACT </td> <td> </td> <td> </td> <td> x </td> <td> x </td> <td> </td> </tr> <tr> <td> ACT Only </td> <td> </td> <td> </td> <td> </td> <td> </td> <td> </td> </tr> <tr> <td> SAT Only </td> <td> </td> <td> </td> <td> </td> <td> </td> <td> </td> </tr> </table>",146427,../data/cds-docs/2022-2023/146427.pdf,2022-2023
C,9,C9,"Percent and number of first-time, first-year students enrolled in Fall 2022 who submitted national","[[{0: '27%', 1: '66'}, {0: '17%', 1: '43'}]]",<table> <tr> <td> 27% </td> <td> 66 </td> </tr> <tr> <td> 17% </td> <td> 43 </td> </tr> </table>,146427,../data/cds-docs/2022-2023/146427.pdf,2022-2023
C,10,C10,"Percent of all degree-seeking, first-time, first-year students who had high school class rank within","[[{0: 'Assessment', 1: 'Percent'}, {0: 'Percent in top tenth of high school graduating class', 1: '31%'}, {0: 'Percent in top quarter of high school graduating class', 1: '58%'}, {0: 'Percent in top half of high school graduating class', 1: '90%'}, {0: 'Percent in bottom half of high school graduating class', 1: '10%'}, {0: 'Percent in bottom quarter of high school graduating class', 1: '0%'}, {0: 'Percent of total first-time, first-year (freshmen) students who submitted', 1: '27'}]]","<table> <tr> <td> Assessment </td> <td> Percent </td> </tr> <tr> <td> Percent in top tenth of high school graduating class </td> <td> 31% </td> </tr> <tr> <td> Percent in top quarter of high school graduating class </td> <td> 58% </td> </tr> <tr> <td> Percent in top half of high school graduating class </td> <td> 90% </td> </tr> <tr> <td> Percent in bottom half of high school graduating class </td> <td> 10% </td> </tr> <tr> <td> Percent in bottom quarter of high school graduating class </td> <td> 0% </td> </tr> <tr> <td> Percent of total first-time, first-year (freshmen) students who submitted </td> <td> 27 </td> </tr> </table>",146427,../data/cds-docs/2022-2023/146427.pdf,2022-2023
C,11,C11,"Percentage of all enrolled, degree-seeking, first-time, first-year students who had high school grade-","[[{0: 'Score Range', 1: 'Percent'}, {0: 'Percent who had GPA of 4.0', 1: '10%'}, {0: 'Percent who had GPA between 3.75 and 3.99', 1: '17%'}, {0: 'Percent who had GPA between 3.50 and 3.74', 1: '19%'}, {0: 'Percent who had GPA between 3.25 and 3.49', 1: '14%'}, {0: 'Percent who had GPA between 3.00 and 3.24', 1: '21%'}, {0: 'Percent who had GPA between 2.50 and 2.99', 1: '17%'}, {0: 'Percent who had GPA between 2.0 and 2.49', 1: '2%'}, {0: 'Percent who had GPA between 1.0 and 1.99', 1: ''}, {0: 'Percent who had GPA below 1.0', 1: ''}, {0: 'Totals should = 100%', 1: '100%'}]]",<table> <tr> <td> Score Range </td> <td> Percent </td> </tr> <tr> <td> Percent who had GPA of 4.0 </td> <td> 10% </td> </tr> <tr> <td> Percent who had GPA between 3.75 and 3.99 </td> <td> 17% </td> </tr> <tr> <td> Percent who had GPA between 3.50 and 3.74 </td> <td> 19% </td> </tr> <tr> <td> Percent who had GPA between 3.25 and 3.49 </td> <td> 14% </td> </tr> <tr> <td> Percent who had GPA between 3.00 and 3.24 </td> <td> 21% </td> </tr> <tr> <td> Percent who had GPA between 2.50 and 2.99 </td> <td> 17% </td> </tr> <tr> <td> Percent who had GPA between 2.0 and 2.49 </td> <td> 2% </td> </tr> <tr> <td> Percent who had GPA between 1.0 and 1.99 </td> <td> </td> </tr> <tr> <td> Percent who had GPA below 1.0 </td> <td> </td> </tr> <tr> <td> Totals should = 100% </td> <td> 100% </td> </tr> </table>,146427,../data/cds-docs/2022-2023/146427.pdf,2022-2023
C,14,C14,Application closing date,"[[{0: '', 1: 'Date'}, {0: 'Application closing date (fall)', 1: '1/15'}, {0: 'Priority Date', 1: '11/1'}]]",<table> <tr> <td> </td> <td> Date </td> </tr> <tr> <td> Application closing date (fall) </td> <td> 1/15 </td> </tr> <tr> <td> Priority Date </td> <td> 11/1 </td> </tr> </table>,146427,../data/cds-docs/2022-2023/146427.pdf,2022-2023
D,2,D2,"Provide the number of students who applied, were admitted, and enrolled as degree-seeking transfer","[[{0: '', 1: 'Applicants', 2: 'Admitted\nApplicants', 3: 'Enrolled\nApplicants'}, {0: 'Men', 1: '34', 2: '19', 3: '11'}, {0: 'Women', 1: '40', 2: '31', 3: '17'}, {0: 'Another Gender', 1: '', 2: '', 3: ''}, {0: 'Total', 1: '74', 2: '50', 3: '28'}]]",<table> <tr> <td> </td> <td> Applicants </td> <td> Admitted <br/> Applicants </td> <td> Enrolled <br/> Applicants </td> </tr> <tr> <td> Men </td> <td> 34 </td> <td> 19 </td> <td> 11 </td> </tr> <tr> <td> Women </td> <td> 40 </td> <td> 31 </td> <td> 17 </td> </tr> <tr> <td> Another Gender </td> <td> </td> <td> </td> <td> </td> </tr> <tr> <td> Total </td> <td> 74 </td> <td> 50 </td> <td> 28 </td> </tr> </table>,146427,../data/cds-docs/2022-2023/146427.pdf,2022-2023
D,9,D9,Rolling,"[[{0: '', 1: 'Priority Date', 2: 'Closing Date', 3: 'Notification Date', 4: 'Reply Date', 5: 'Rolling\nAdmission'}, {0: 'Fall', 1: '4/1', 2: '4/1', 3: '5/1', 4: '6/1', 5: ''}, {0: 'Winter', 1: '11/1', 2: '11/1', 3: '11/15', 4: '12/1', 5: ''}, {0: 'Spring', 1: '1/15', 2: '1/15', 3: '2/1', 4: '2/15', 5: ''}]]",<table> <tr> <td> </td> <td> Priority Date </td> <td> Closing Date </td> <td> Notification Date </td> <td> Reply Date </td> <td> Rolling <br/> Admission </td> </tr> <tr> <td> Fall </td> <td> 4/1 </td> <td> 4/1 </td> <td> 5/1 </td> <td> 6/1 </td> <td> </td> </tr> <tr> <td> Winter </td> <td> 11/1 </td> <td> 11/1 </td> <td> 11/15 </td> <td> 12/1 </td> <td> </td> </tr> <tr> <td> Spring </td> <td> 1/15 </td> <td> 1/15 </td> <td> 2/1 </td> <td> 2/15 </td> <td> </td> </tr> </table>,146427,../data/cds-docs/2022-2023/146427.pdf,2022-2023
F,1,F1,"Percentages of first-time, first-year (freshman) degree-seeking students and degree-","[[{0: '', 1: 'First-time, first\ufffe\nyear students', 2: 'Undergraduate\ns'}, {0: 'Percent who are from out of state (exclude\ninternational/nonresidents from the numerator and\ndenominator)', 1: '47%', 2: '47%'}, {0: 'Percent of men who join fraternities', 1: '0%', 2: '4%'}, {0: 'Percent of women who join sororities', 1: '0%', 2: '1%'}, {0: 'Percent who live in college-owned, -operated, or -\naffiliated housing', 1: '99%', 2: '85%'}, {0: 'Percent who live off campus or commute', 1: '1%', 2: '11%'}, {0: 'Percent of students age 25 and older', 1: '<1%', 2: '2%'}, {0: 'Average age of full-time students', 1: '18', 2: '20'}, {0: 'Average age of all students (full- and part-time)', 1: '18', 2: '20'}]]","<table> <tr> <td> </td> <td> First-time, first￾ <br/> year students </td> <td> Undergraduate <br/> s </td> </tr> <tr> <td> Percent who are from out of state (exclude <br/> international/nonresidents from the numerator and <br/> denominator) </td> <td> 47% </td> <td> 47% </td> </tr> <tr> <td> Percent of men who join fraternities </td> <td> 0% </td> <td> 4% </td> </tr> <tr> <td> Percent of women who join sororities </td> <td> 0% </td> <td> 1% </td> </tr> <tr> <td> Percent who live in college-owned, -operated, or - <br/> affiliated housing </td> <td> 99% </td> <td> 85% </td> </tr> <tr> <td> Percent who live off campus or commute </td> <td> 1% </td> <td> 11% </td> </tr> <tr> <td> Percent of students age 25 and older </td> <td> &lt;1% </td> <td> 2% </td> </tr> <tr> <td> Average age of full-time students </td> <td> 18 </td> <td> 20 </td> </tr> <tr> <td> Average age of all students (full- and part-time) </td> <td> 18 </td> <td> 20 </td> </tr> </table>",146427,../data/cds-docs/2022-2023/146427.pdf,2022-2023
F,3,F3,ROTC (program offered in cooperation with Reserve Officers' Training Corps),"[[{0: '', 1: 'Marine Option\n(for Naval ROTC)', 2: 'On Campus', 3: 'At Cooperating Institution', 4: 'Name of\nCooperating\nInstitution'}, {0: 'Army ROTC is offered:', 1: '', 2: '', 3: '', 4: ''}, {0: 'Naval ROTC is offered:', 1: '', 2: '', 3: '', 4: ''}, {0: 'Air Force ROTC is offered:', 1: '', 2: '', 3: '', 4: ''}]]",<table> <tr> <td> </td> <td> Marine Option <br/> (for Naval ROTC) </td> <td> On Campus </td> <td> At Cooperating Institution </td> <td> Name of <br/> Cooperating <br/> Institution </td> </tr> <tr> <td> Army ROTC is offered: </td> <td> </td> <td> </td> <td> </td> <td> </td> </tr> <tr> <td> Naval ROTC is offered: </td> <td> </td> <td> </td> <td> </td> <td> </td> </tr> <tr> <td> Air Force ROTC is offered: </td> <td> </td> <td> </td> <td> </td> <td> </td> </tr> </table>,146427,../data/cds-docs/2022-2023/146427.pdf,2022-2023
G,1,G1,First-Year Undergraduates,"[[{0: '', 1: 'First-Year', 2: 'Undergraduates'}, {0: 'PRIVATE INSTITUTIONS', 1: '', 2: ''}, {0: 'Tuition:', 1: '$54,768', 2: '$54,768'}, {0: 'PUBLIC INSTITUTIONS', 1: '', 2: ''}, {0: 'Tuition: In-district', 1: '', 2: ''}, {0: 'Tuition: In-state (out-of-district):', 1: '', 2: ''}, {0: 'Tuition: Out-of-state:', 1: '', 2: ''}, {0: 'Tuition: Non-resident', 1: '', 2: ''}, {0: 'FOR ALL INSTITUTIONS', 1: 'FOR ALL INSTITUTIONS', 2: 'FOR ALL INSTITUTIONS'}, {0: 'Required Fees', 1: '$819', 2: '$819'}, {0: 'Room and Board (on-campus):', 1: '$10,407', 2: '$10,407'}, {0: 'Room Only (on-campus):', 1: '$5,091', 2: '$5,091'}, {0: 'Board Only (on-campus meal plan):', 1: '$5,316', 2: '$5,316'}]]","<table> <tr> <td> </td> <td> First-Year </td> <td> Undergraduates </td> </tr> <tr> <td> PRIVATE INSTITUTIONS </td> <td> </td> <td> </td> </tr> <tr> <td> Tuition: </td> <td> $54,768 </td> <td> $54,768 </td> </tr> <tr> <td> PUBLIC INSTITUTIONS </td> <td> </td> <td> </td> </tr> <tr> <td> Tuition: In-district </td> <td> </td> <td> </td> </tr> <tr> <td> Tuition: In-state (out-of-district): </td> <td> </td> <td> </td> </tr> <tr> <td> Tuition: Out-of-state: </td> <td> </td> <td> </td> </tr> <tr> <td> Tuition: Non-resident </td> <td> </td> <td> </td> </tr> <tr> <td colspan=""3""> FOR ALL INSTITUTIONS </td> </tr> <tr> <td> Required Fees </td> <td> $819 </td> <td> $819 </td> </tr> <tr> <td> Room and Board (on-campus): </td> <td> $10,407 </td> <td> $10,407 </td> </tr> <tr> <td> Room Only (on-campus): </td> <td> $5,091 </td> <td> $5,091 </td> </tr> <tr> <td> Board Only (on-campus meal plan): </td> <td> $5,316 </td> <td> $5,316 </td> </tr> </table>",146427,../data/cds-docs/2022-2023/146427.pdf,2022-2023
G,5,G5,Provide the estimated expenses for a typical full-time undergraduate student:,"[[{0: '', 1: 'Residents', 2: 'Commuters', 3: 'Commuters'}, {0: 'Books and supplies:', 1: '$1,200', 2: '$1,200', 3: '$1,200'}, {0: 'Room only:', 1: '', 2: '', 3: '$4,395'}, {0: 'Board only:', 1: '', 2: '', 3: '$4,500'}, {0: 'Room and board total*', 1: '', 2: '', 3: '$8,895'}, {0: 'Transportation:', 1: '$750', 2: '$500', 3: '$500'}, {0: 'Other expenses:', 1: '$1,432', 2: '$1,000', 3: '$1,152'}]]","<table> <tr> <td> </td> <td> Residents </td> <td> Commuters </td> <td> Commuters </td> </tr> <tr> <td> Books and supplies: </td> <td> $1,200 </td> <td> $1,200 </td> <td> $1,200 </td> </tr> <tr> <td> Room only: </td> <td> </td> <td> </td> <td> $4,395 </td> </tr> <tr> <td> Board only: </td> <td> </td> <td> </td> <td> $4,500 </td> </tr> <tr> <td> Room and board total* </td> <td> </td> <td> </td> <td> $8,895 </td> </tr> <tr> <td> Transportation: </td> <td> $750 </td> <td> $500 </td> <td> $500 </td> </tr> <tr> <td> Other expenses: </td> <td> $1,432 </td> <td> $1,000 </td> <td> $1,152 </td> </tr> </table>",146427,../data/cds-docs/2022-2023/146427.pdf,2022-2023
G,6,G6,Undergraduate per-credit-hour charges (tuition only):,"[[{0: 'PRIVATE INSTITUTIONS:', 1: '$6,085'}, {0: 'PUBLIC INSTITUTIONS:', 1: ''}, {0: 'In-district:', 1: ''}, {0: 'In-state (out-of-district):', 1: ''}, {0: 'Out-of-state:', 1: ''}, {0: 'NONRESIDENTS:', 1: ''}]]","<table> <tr> <td> PRIVATE INSTITUTIONS: </td> <td> $6,085 </td> </tr> <tr> <td> PUBLIC INSTITUTIONS: </td> <td> </td> </tr> <tr> <td> In-district: </td> <td> </td> </tr> <tr> <td> In-state (out-of-district): </td> <td> </td> </tr> <tr> <td> Out-of-state: </td> <td> </td> </tr> <tr> <td> NONRESIDENTS: </td> <td> </td> </tr> </table>",146427,../data/cds-docs/2022-2023/146427.pdf,2022-2023
H,2,H2,", A, and H6 below:","[[{0: '', 1: 'Need-based', 2: 'Non-need\ufffe'}, {0: 'Scholarships/Grants', 1: '', 2: ''}, {0: 'Federal', 1: '$1,766,578', 2: '$0'}, {0: 'State all states, not only the state in which your institution is located', 1: '$1,208,444', 2: '$0'}, {0: 'Institutional: Endowed scholarships, annual gifts and tuition funded\ngrants, awarded by the college, excluding athletic aid and tuition\nwaivers (which are reported below).', 1: '$28,409,314', 2: '$7,615,686'}, {0: 'Scholarships/grants from external sources (e.g. Kiwanis, National\nMerit) not awarded by the college', 1: '$423,299', 2: '$245,475'}, {0: 'Total Scholarships/Grants', 1: '$31,807,635', 2: '$7,861,161'}, {0: 'Self-Help', 1: '', 2: ''}, {0: 'Student loans from all sources (excluding parent loans)', 1: '$2,100,292', 2: '$2,809,683'}, {0: 'Federal Work-Study', 1: '$1,031,320', 2: ''}, {0: 'State and other (e.g., institutional) work-study/employment (Note:\nExcludes Federal Work-Study captured above.)', 1: '$114,336', 2: '$0'}, {0: 'Total Self-Help', 1: '$3,245,948', 2: '$2,809,683'}, {0: 'Parent Loans', 1: '', 2: '$1,147,310'}, {0: 'Tuition Waivers\nNote: Reporting is optional. Report tuition waivers in this row if you\nchoose to report them. Do not report tuition waivers elsewhere.', 1: '$0', 2: '$1,453,814'}, {0: 'Athletic Awards', 1: '$0', 2: '$0'}], [{0: '', 1: '', 2: 'Full-time', 3: 'Undergrad', 4: 'Full-time'}, {0: 'N', 1: 'Number of students in line a who had no financial need\nand who were awarded institutional non-need-based\nscholarship or grant aid (exclude those who were\nawarded athletic awards and tuition benefits)', 2: '63', 3: '290', 4: '0'}, {0: 'O', 1: 'Average dollar amount of institutional non-need-based', 2: '$ 31,632', 3: '$ 29,436', 4: '$ 0'}, {0: 'P', 1: 'Number of students in line a who were awarded an', 2: '0', 3: '0', 4: '0'}, {0: 'Q', 1: 'Average dollar amount of institutional non-need-based', 2: '$ 0', 3: '$ 0', 4: '$ 0'}]]","<table> <tr> <td> </td> <td> Need-based </td> <td> Non-need￾ </td> </tr> <tr> <td> Scholarships/Grants </td> <td> </td> <td> </td> </tr> <tr> <td> Federal </td> <td> $1,766,578 </td> <td> $0 </td> </tr> <tr> <td> State all states, not only the state in which your institution is located </td> <td> $1,208,444 </td> <td> $0 </td> </tr> <tr> <td> Institutional: Endowed scholarships, annual gifts and tuition funded <br/> grants, awarded by the college, excluding athletic aid and tuition <br/> waivers (which are reported below). </td> <td> $28,409,314 </td> <td> $7,615,686 </td> </tr> <tr> <td> Scholarships/grants from external sources (e.g. Kiwanis, National <br/> Merit) not awarded by the college </td> <td> $423,299 </td> <td> $245,475 </td> </tr> <tr> <td> Total Scholarships/Grants </td> <td> $31,807,635 </td> <td> $7,861,161 </td> </tr> <tr> <td> Self-Help </td> <td> </td> <td> </td> </tr> <tr> <td> Student loans from all sources (excluding parent loans) </td> <td> $2,100,292 </td> <td> $2,809,683 </td> </tr> <tr> <td> Federal Work-Study </td> <td> $1,031,320 </td> <td> </td> </tr> <tr> <td> State and other (e.g., institutional) work-study/employment (Note: <br/> Excludes Federal Work-Study captured above.) </td> <td> $114,336 </td> <td> $0 </td> </tr> <tr> <td> Total Self-Help </td> <td> $3,245,948 </td> <td> $2,809,683 </td> </tr> <tr> <td> Parent Loans </td> <td> </td> <td> $1,147,310 </td> </tr> <tr> <td> Tuition Waivers <br/> Note: Reporting is optional. Report tuition waivers in this row if you <br/> choose to report them. Do not report tuition waivers elsewhere. </td> <td> $0 </td> <td> $1,453,814 </td> </tr> <tr> <td> Athletic Awards </td> <td> $0 </td> <td> $0 </td> </tr> </table><div class=""separator""></div><table> <tr> <td> </td> <td> </td> <td> Full-time </td> <td> Undergrad </td> <td> Full-time </td> </tr> <tr> <td> N </td> <td> Number of students in line a who had no financial need <br/> and who were awarded institutional non-need-based <br/> scholarship or grant aid (exclude those who were <br/> awarded athletic awards and tuition benefits) </td> <td> 63 </td> <td> 290 </td> <td> 0 </td> </tr> <tr> <td> O </td> <td> Average dollar amount of institutional non-need-based </td> <td> $ 31,632 </td> <td> $ 29,436 </td> <td> $ 0 </td> </tr> <tr> <td> P </td> <td> Number of students in line a who were awarded an </td> <td> 0 </td> <td> 0 </td> <td> 0 </td> </tr> <tr> <td> Q </td> <td> Average dollar amount of institutional non-need-based </td> <td> $ 0 </td> <td> $ 0 </td> <td> $ 0 </td> </tr> </table>",146427,../data/cds-docs/2022-2023/146427.pdf,2022-2023
H,5,H5,"Number and percent of students in class (defined in H4 above) borrowing from federal, non-federal,","[[{0: 'Source/Type of Loan', 1: 'Source/Type of Loan', 2: 'Number in the\nclass (defined\nin H4 above)\nwho borrowed\nfrom the types\nof loans\nspecified in the\nfirst column', 3: 'Percent of the\nclass (defined\nabove) who\nborrowed from\nthe types of\nloans specified\nin column the first\n(nearest 1%)', 4: 'Average per\ufffe\nundergraduate\ufffe\nborrower\ncumulative\nprincipal\nborrowed from\nthe types of\nloans specified\nin column the first\n(nearest $1)'}, {0: 'A', 1: 'Any loan program: Federal Perkins, Federal Stafford\nSubsidized and Unsubsidized, institutional, state,\nprivate loans that your institution is aware of, etc.\nInclude both Federal Direct Student Loans and Federal\nFamily Education Loans.', 2: '150', 3: '63.00%', 4: '$31,540'}, {0: 'B', 1: 'Federal loan programs: Federal Perkins, Federal\nStafford Subsidized and Unsubsidized. Include both\nFederal Direct Student Loans and Federal Family\nEducation Loans.', 2: '147', 3: '61.80%', 4: '$25,539'}, {0: 'C', 1: 'Institutional loan programs.', 2: '6', 3: '2.50%', 4: '$6,247'}, {0: 'D', 1: 'State loan programs.', 2: '0', 3: '0.00%', 4: '$0'}, {0: 'E', 1: 'Private student loans made by a bank or lender.', 2: '27', 3: '11.30%', 4: '$34,787'}]]","<table> <tr> <td colspan=""2""> Source/Type of Loan </td> <td> Number in the <br/> class (defined <br/> in H4 above) <br/> who borrowed <br/> from the types <br/> of loans <br/> specified in the <br/> first column </td> <td> Percent of the <br/> class (defined <br/> above) who <br/> borrowed from <br/> the types of <br/> loans specified <br/> in column the first <br/> (nearest 1%) </td> <td> Average per￾ <br/> undergraduate￾ <br/> borrower <br/> cumulative <br/> principal <br/> borrowed from <br/> the types of <br/> loans specified <br/> in column the first <br/> (nearest $1) </td> </tr> <tr> <td> A </td> <td> Any loan program: Federal Perkins, Federal Stafford <br/> Subsidized and Unsubsidized, institutional, state, <br/> private loans that your institution is aware of, etc. <br/> Include both Federal Direct Student Loans and Federal <br/> Family Education Loans. </td> <td> 150 </td> <td> 63.00% </td> <td> $31,540 </td> </tr> <tr> <td> B </td> <td> Federal loan programs: Federal Perkins, Federal <br/> Stafford Subsidized and Unsubsidized. Include both <br/> Federal Direct Student Loans and Federal Family <br/> Education Loans. </td> <td> 147 </td> <td> 61.80% </td> <td> $25,539 </td> </tr> <tr> <td> C </td> <td> Institutional loan programs. </td> <td> 6 </td> <td> 2.50% </td> <td> $6,247 </td> </tr> <tr> <td> D </td> <td> State loan programs. </td> <td> 0 </td> <td> 0.00% </td> <td> $0 </td> </tr> <tr> <td> E </td> <td> Private student loans made by a bank or lender. </td> <td> 27 </td> <td> 11.30% </td> <td> $34,787 </td> </tr> </table>",146427,../data/cds-docs/2022-2023/146427.pdf,2022-2023
H,11,H11,Indicate reply dates:,"[[{0: 'Students must reply by (date):', 1: '5/1'}, {0: 'or within _______ weeks of notification.', 1: ''}]]",<table> <tr> <td> Students must reply by (date): </td> <td> 5/1 </td> </tr> <tr> <td> or within _______ weeks of notification. </td> <td> </td> </tr> </table>,146427,../data/cds-docs/2022-2023/146427.pdf,2022-2023
H,14,H14,Check off criteria used in awarding institutional aid. Check all that apply.,"[[{0: '', 1: 'Non-Need Based', 2: 'Need-Based'}, {0: 'Academics', 1: 'X', 2: ''}, {0: 'Alumni affiliation', 1: '', 2: ''}, {0: 'Art', 1: 'X', 2: ''}, {0: 'Athletics', 1: '', 2: ''}, {0: 'Job skills', 1: '', 2: ''}, {0: 'ROTC', 1: '', 2: ''}, {0: 'Leadership', 1: '', 2: ''}, {0: 'Minority status', 1: '', 2: ''}, {0: 'Music/drama', 1: 'X', 2: ''}, {0: 'Religious affiliation', 1: '', 2: ''}, {0: 'State/district residency', 1: '', 2: ''}]]",<table> <tr> <td> </td> <td> Non-Need Based </td> <td> Need-Based </td> </tr> <tr> <td> Academics </td> <td> X </td> <td> </td> </tr> <tr> <td> Alumni affiliation </td> <td> </td> <td> </td> </tr> <tr> <td> Art </td> <td> X </td> <td> </td> </tr> <tr> <td> Athletics </td> <td> </td> <td> </td> </tr> <tr> <td> Job skills </td> <td> </td> <td> </td> </tr> <tr> <td> ROTC </td> <td> </td> <td> </td> </tr> <tr> <td> Leadership </td> <td> </td> <td> </td> </tr> <tr> <td> Minority status </td> <td> </td> <td> </td> </tr> <tr> <td> Music/drama </td> <td> X </td> <td> </td> </tr> <tr> <td> Religious affiliation </td> <td> </td> <td> </td> </tr> <tr> <td> State/district residency </td> <td> </td> <td> </td> </tr> </table>,146427,../data/cds-docs/2022-2023/146427.pdf,2022-2023
J,1,J1,"Degrees conferred between July 1, 2021 and June 30, 2022","[[{0: 'Category', 1: 'Category', 2: 'Diploma/Certificates', 3: 'Associate', 4: 'Bachelor’s', 5: 'CIP 2021 Categories\nto Include'}, {0: 'Agriculture', 1: 'Agriculture', 2: '', 3: '', 4: '', 5: '01'}, {0: 'Natural resources and conservation', 1: 'Natural resources and conservation', 2: '', 3: '', 4: '4.8%', 5: '03'}, {0: 'Architecture', 1: 'Architecture', 2: '', 3: '', 4: '', 5: '04'}, {0: 'Area, ethnic, and gender studies', 1: 'Area, ethnic, and gender studies', 2: '', 3: '', 4: '3.0%', 5: '05'}, {0: 'Communication/journalism', 1: 'Communication/journalism', 2: '', 3: '', 4: '0.9%', 5: '09'}, {0: 'Communication technologies', 1: 'Communication technologies', 2: '', 3: '', 4: '', 5: '10'}, {0: 'Computer and information sciences', 1: 'Computer and information sciences', 2: '', 3: '', 4: '5.7%', 5: '11'}, {0: 'Personal and culinary services', 1: 'Personal and culinary services', 2: '', 3: '', 4: '', 5: '12'}, {0: 'Education', 1: 'Education', 2: '', 3: '', 4: '6.0%', 5: '13'}, {0: 'Engineering', 1: 'Engineering', 2: '', 3: '', 4: '', 5: '14'}, {0: 'Engineering technologies', 1: 'Engineering technologies', 2: '', 3: '', 4: '', 5: '15'}, {0: 'Foreign languages, lit\neratures, and linguistics', 1: 'Foreign languages, lit\neratures, and linguistics', 2: '', 3: '', 4: '0.9%', 5: '16'}, {0: 'Family', 1: 'and consumer sciences', 2: '', 3: '', 4: '', 5: '19'}, {0: 'Law/legal studies', 1: 'Law/legal studies', 2: '', 3: '', 4: '', 5: '22'}, {0: 'English', 1: 'English', 2: '', 3: '', 4: '10.6%', 5: '23'}, {0: 'Liberal arts/general studies', 1: 'Liberal arts/general studies', 2: '', 3: '', 4: '0.9%', 5: '24'}, {0: 'Library science', 1: 'Library science', 2: '', 3: '', 4: '', 5: '25'}, {0: 'Biological/life sciences', 1: 'Biological/life sciences', 2: '', 3: '', 4: '12.1%', 5: '26'}, {0: 'Mathematics and statistics', 1: 'Mathematics and statistics', 2: '', 3: '', 4: '0.3%', 5: '27'}, {0: 'Military science and military technologies', 1: 'Military science and military technologies', 2: '', 3: '', 4: '', 5: '28 & 29'}, {0: 'Interdisciplinary studies', 1: 'Interdisciplinary studies', 2: '', 3: '', 4: '1.5%', 5: '30'}, {0: 'Parks and recreation', 1: 'Parks and recreation', 2: '', 3: '', 4: '', 5: '31'}, {0: 'Philosophy and religious studies', 1: 'Philosophy and religious studies', 2: '', 3: '', 4: '0.6%', 5: '38'}, {0: 'Theology and religious vocations', 1: 'Theology and religious vocations', 2: '', 3: '', 4: '', 5: '39'}, {0: 'Physical sciences', 1: 'Physical sciences', 2: '', 3: '', 4: '3.0%', 5: '40'}, {0: 'Science technologies', 1: 'Science technologies', 2: '', 3: '', 4: '', 5: '41'}, {0: 'Psychology', 1: 'Psychology', 2: '', 3: '', 4: '10.0%', 5: '42'}, {0: 'Homeland Security, law enforcement, firefighting,', 1: 'Homeland Security, law enforcement, firefighting,', 2: '', 3: '', 4: '', 5: '43'}, {0: 'Public administration and social services', 1: 'Public administration and social services', 2: '', 3: '', 4: '0.3%', 5: '44'}, {0: 'Social sciences', 1: 'Social sciences', 2: '', 3: '', 4: '18.7%', 5: '45'}, {0: 'Construction trades', 1: 'Construction trades', 2: '', 3: '', 4: '', 5: '46'}, {0: 'Mechanic and repair technologies', 1: 'Mechanic and repair technologies', 2: '', 3: '', 4: '', 5: '47'}, {0: 'Precision production', 1: 'Precision production', 2: '', 3: '', 4: '', 5: '48'}, {0: 'Transportation and materials moving', 1: 'Transportation and materials moving', 2: '', 3: '', 4: '', 5: '49'}, {0: 'Visual and performing arts', 1: 'Visual and performing arts', 2: '', 3: '', 4: '6.3%', 5: '50'}, {0: 'Health professions and related programs', 1: 'Health professions and related programs', 2: '', 3: '', 4: '', 5: '51'}, {0: 'Business/marketing', 1: 'Business/marketing', 2: '', 3: '', 4: '12.7%', 5: '52'}, {0: 'History', 1: 'History', 2: '', 3: '', 4: '1.5%', 5: '54'}, {0: 'Other', 1: 'Other', 2: '', 3: '', 4: '', 5: ''}, {0: 'TOTAL (should = 100%)', 1: 'TOTAL (should = 100%)', 2: '0.00%', 3: '0.00%', 4: '100.00%', 5: ''}]]","<table> <tr> <td colspan=""2""> Category </td> <td> Diploma/Certificates </td> <td> Associate </td> <td> Bachelor’s </td> <td> CIP 2021 Categories <br/> to Include </td> </tr> <tr> <td colspan=""2""> Agriculture </td> <td> </td> <td> </td> <td> </td> <td> 01 </td> </tr> <tr> <td colspan=""2""> Natural resources and conservation </td> <td> </td> <td> </td> <td> 4.8% </td> <td> 03 </td> </tr> <tr> <td colspan=""2""> Architecture </td> <td> </td> <td> </td> <td> </td> <td> 04 </td> </tr> <tr> <td colspan=""2""> Area, ethnic, and gender studies </td> <td> </td> <td> </td> <td> 3.0% </td> <td> 05 </td> </tr> <tr> <td colspan=""2""> Communication/journalism </td> <td> </td> <td> </td> <td> 0.9% </td> <td> 09 </td> </tr> <tr> <td colspan=""2""> Communication technologies </td> <td> </td> <td> </td> <td> </td> <td> 10 </td> </tr> <tr> <td colspan=""2""> Computer and information sciences </td> <td> </td> <td> </td> <td> 5.7% </td> <td> 11 </td> </tr> <tr> <td colspan=""2""> Personal and culinary services </td> <td> </td> <td> </td> <td> </td> <td> 12 </td> </tr> <tr> <td colspan=""2""> Education </td> <td> </td> <td> </td> <td> 6.0% </td> <td> 13 </td> </tr> <tr> <td colspan=""2""> Engineering </td> <td> </td> <td> </td> <td> </td> <td> 14 </td> </tr> <tr> <td colspan=""2""> Engineering technologies </td> <td> </td> <td> </td> <td> </td> <td> 15 </td> </tr> <tr> <td colspan=""2""> Foreign languages, lit <br/> eratures, and linguistics </td> <td> </td> <td> </td> <td> 0.9% </td> <td> 16 </td> </tr> <tr> <td> Family </td> <td> and consumer sciences </td> <td> </td> <td> </td> <td> </td> <td> 19 </td> </tr> <tr> <td colspan=""2""> Law/legal studies </td> <td> </td> <td> </td> <td> </td> <td> 22 </td> </tr> <tr> <td colspan=""2""> English </td> <td> </td> <td> </td> <td> 10.6% </td> <td> 23 </td> </tr> <tr> <td colspan=""2""> Liberal arts/general studies </td> <td> </td> <td> </td> <td> 0.9% </td> <td> 24 </td> </tr> <tr> <td colspan=""2""> Library science </td> <td> </td> <td> </td> <td> </td> <td> 25 </td> </tr> <tr> <td colspan=""2""> Biological/life sciences </td> <td> </td> <td> </td> <td> 12.1% </td> <td> 26 </td> </tr> <tr> <td colspan=""2""> Mathematics and statistics </td> <td> </td> <td> </td> <td> 0.3% </td> <td> 27 </td> </tr> <tr> <td colspan=""2""> Military science and military technologies </td> <td> </td> <td> </td> <td> </td> <td> 28 &amp; 29 </td> </tr> <tr> <td colspan=""2""> Interdisciplinary studies </td> <td> </td> <td> </td> <td> 1.5% </td> <td> 30 </td> </tr> <tr> <td colspan=""2""> Parks and recreation </td> <td> </td> <td> </td> <td> </td> <td> 31 </td> </tr> <tr> <td colspan=""2""> Philosophy and religious studies </td> <td> </td> <td> </td> <td> 0.6% </td> <td> 38 </td> </tr> <tr> <td colspan=""2""> Theology and religious vocations </td> <td> </td> <td> </td> <td> </td> <td> 39 </td> </tr> <tr> <td colspan=""2""> Physical sciences </td> <td> </td> <td> </td> <td> 3.0% </td> <td> 40 </td> </tr> <tr> <td colspan=""2""> Science technologies </td> <td> </td> <td> </td> <td> </td> <td> 41 </td> </tr> <tr> <td colspan=""2""> Psychology </td> <td> </td> <td> </td> <td> 10.0% </td> <td> 42 </td> </tr> <tr> <td colspan=""2""> Homeland Security, law enforcement, firefighting, </td> <td> </td> <td> </td> <td> </td> <td> 43 </td> </tr> <tr> <td colspan=""2""> Public administration and social services </td> <td> </td> <td> </td> <td> 0.3% </td> <td> 44 </td> </tr> <tr> <td colspan=""2""> Social sciences </td> <td> </td> <td> </td> <td> 18.7% </td> <td> 45 </td> </tr> <tr> <td colspan=""2""> Construction trades </td> <td> </td> <td> </td> <td> </td> <td> 46 </td> </tr> <tr> <td colspan=""2""> Mechanic and repair technologies </td> <td> </td> <td> </td> <td> </td> <td> 47 </td> </tr> <tr> <td colspan=""2""> Precision production </td> <td> </td> <td> </td> <td> </td> <td> 48 </td> </tr> <tr> <td colspan=""2""> Transportation and materials moving </td> <td> </td> <td> </td> <td> </td> <td> 49 </td> </tr> <tr> <td colspan=""2""> Visual and performing arts </td> <td> </td> <td> </td> <td> 6.3% </td> <td> 50 </td> </tr> <tr> <td colspan=""2""> Health professions and related programs </td> <td> </td> <td> </td> <td> </td> <td> 51 </td> </tr> <tr> <td colspan=""2""> Business/marketing </td> <td> </td> <td> </td> <td> 12.7% </td> <td> 52 </td> </tr> <tr> <td colspan=""2""> History </td> <td> </td> <td> </td> <td> 1.5% </td> <td> 54 </td> </tr> <tr> <td colspan=""2""> Other </td> <td> </td> <td> </td> <td> </td> <td> </td> </tr> <tr> <td colspan=""2""> TOTAL (should = 100%) </td> <td> 0.00% </td> <td> 0.00% </td> <td> 100.00% </td> <td> </td> </tr> </table>",146427,../data/cds-docs/2022-2023/146427.pdf,2022-2023
