"unitid","year","file"
100663,"2021","data/cds-docs/2021-2022/100663.pdf"
100724,"2021","data/cds-docs/2021-2022/100724.pdf"
100751,"2021","data/cds-docs/2021-2022/100751.pdf"
100830,"2021","data/cds-docs/2021-2022/100830.pdf"
101480,"2021","data/cds-docs/2021-2022/101480.pdf"
102049,"2021","data/cds-docs/2021-2022/102049.pdf"
102094,"2021","data/cds-docs/2021-2022/102094.pdf"
102368,"2021","data/cds-docs/2021-2022/102368.pdf"
102614,"2021","data/cds-docs/2021-2022/102614.pdf"
104179,"2021","data/cds-docs/2021-2022/104179.pdf"
105330,"2021","data/cds-docs/2021-2022/105330.pdf"
106397,"2021","data/cds-docs/2021-2022/106397.pdf"
106458,"2021","data/cds-docs/2021-2022/106458.pdf"
107080,"2021","data/cds-docs/2021-2022/107080.pdf"
110422,"2021","data/cds-docs/2021-2022/110422.pdf"
110510,"2021","data/cds-docs/2021-2022/110510.pdf"
110529,"2021","data/cds-docs/2021-2022/110529.pdf"
110583,"2021","data/cds-docs/2021-2022/110583.pdf"
110592,"2021","data/cds-docs/2021-2022/110592.pdf"
110617,"2021","data/cds-docs/2021-2022/110617.pdf"
111948,"2021","data/cds-docs/2021-2022/111948.pdf"
112260,"2021","data/cds-docs/2021-2022/112260.pdf"
113698,"2021","data/cds-docs/2021-2022/113698.pdf"
115409,"2021","data/cds-docs/2021-2022/115409.pdf"
115755,"2021","data/cds-docs/2021-2022/115755.pdf"
117946,"2021","data/cds-docs/2021-2022/117946.pdf"
120254,"2021","data/cds-docs/2021-2022/120254.pdf"
120883,"2021","data/cds-docs/2021-2022/120883.pdf"
121150,"2021","data/cds-docs/2021-2022/121150.pdf"
121257,"2021","data/cds-docs/2021-2022/121257.pdf"
121345,"2021","data/cds-docs/2021-2022/121345.pdf"
121691,"2021","data/cds-docs/2021-2022/121691.pdf"
122409,"2021","data/cds-docs/2021-2022/122409.pdf"
122436,"2021","data/cds-docs/2021-2022/122436.pdf"
122597,"2021","data/cds-docs/2021-2022/122597.pdf"
122612,"2021","data/cds-docs/2021-2022/122612.pdf"
122755,"2021","data/cds-docs/2021-2022/122755.pdf"
122931,"2021","data/cds-docs/2021-2022/122931.pdf"
123165,"2021","data/cds-docs/2021-2022/123165.pdf"
123554,"2021","data/cds-docs/2021-2022/123554.pdf"
123961,"2021","data/cds-docs/2021-2022/123961.pdf"
125763,"2021","data/cds-docs/2021-2022/125763.pdf"
126207,"2021","data/cds-docs/2021-2022/126207.pdf"
126289,"2021","data/cds-docs/2021-2022/126289.pdf"
126580,"2021","data/cds-docs/2021-2022/126580.pdf"
126614,"2021","data/cds-docs/2021-2022/126614.pdf"
126678,"2021","data/cds-docs/2021-2022/126678.pdf"
126775,"2021","data/cds-docs/2021-2022/126775.pdf"
126818,"2021","data/cds-docs/2021-2022/126818.pdf"
127060,"2021","data/cds-docs/2021-2022/127060.pdf"
127556,"2021","data/cds-docs/2021-2022/127556.pdf"
127565,"2021","data/cds-docs/2021-2022/127565.pdf"
127918,"2021","data/cds-docs/2021-2022/127918.pdf"
128902,"2021","data/cds-docs/2021-2022/128902.pdf"
129020,"2021","data/cds-docs/2021-2022/129020.pdf"
129242,"2021","data/cds-docs/2021-2022/129242.pdf"
130226,"2021","data/cds-docs/2021-2022/130226.pdf"
130590,"2021","data/cds-docs/2021-2022/130590.pdf"
130697,"2021","data/cds-docs/2021-2022/130697.pdf"
130794,"2021","data/cds-docs/2021-2022/130794.pdf"
130943,"2021","data/cds-docs/2021-2022/130943.pdf"
131450,"2021","data/cds-docs/2021-2022/131450.pdf"
131469,"2021","data/cds-docs/2021-2022/131469.pdf"
131496,"2021","data/cds-docs/2021-2022/131496.pdf"
131520,"2021","data/cds-docs/2021-2022/131520.pdf"
132602,"2021","data/cds-docs/2021-2022/132602.pdf"
132903,"2021","data/cds-docs/2021-2022/132903.pdf"
133492,"2021","data/cds-docs/2021-2022/133492.pdf"
133650,"2021","data/cds-docs/2021-2022/133650.pdf"
133669,"2021","data/cds-docs/2021-2022/133669.pdf"
133711,"2021","data/cds-docs/2021-2022/133711.pdf"
133881,"2021","data/cds-docs/2021-2022/133881.pdf"
133951,"2021","data/cds-docs/2021-2022/133951.pdf"
135726,"2021","data/cds-docs/2021-2022/135726.pdf"
136950,"2021","data/cds-docs/2021-2022/136950.pdf"
137351,"2021","data/cds-docs/2021-2022/137351.pdf"
137546,"2021","data/cds-docs/2021-2022/137546.pdf"
138354,"2021","data/cds-docs/2021-2022/138354.pdf"
138600,"2021","data/cds-docs/2021-2022/138600.pdf"
139366,"2021","data/cds-docs/2021-2022/139366.pdf"
139658,"2021","data/cds-docs/2021-2022/139658.pdf"
139940,"2021","data/cds-docs/2021-2022/139940.pdf"
139959,"2021","data/cds-docs/2021-2022/139959.pdf"
140252,"2021","data/cds-docs/2021-2022/140252.pdf"
140553,"2021","data/cds-docs/2021-2022/140553.pdf"
140696,"2021","data/cds-docs/2021-2022/140696.pdf"
141060,"2021","data/cds-docs/2021-2022/141060.pdf"
141264,"2021","data/cds-docs/2021-2022/141264.pdf"
141334,"2021","data/cds-docs/2021-2022/141334.pdf"
142115,"2021","data/cds-docs/2021-2022/142115.pdf"
142276,"2021","data/cds-docs/2021-2022/142276.pdf"
142559,"2021","data/cds-docs/2021-2022/142559.pdf"
143084,"2021","data/cds-docs/2021-2022/143084.pdf"
143118,"2021","data/cds-docs/2021-2022/143118.pdf"
143358,"2021","data/cds-docs/2021-2022/143358.pdf"
144050,"2021","data/cds-docs/2021-2022/144050.pdf"
144351,"2021","data/cds-docs/2021-2022/144351.pdf"
144740,"2021","data/cds-docs/2021-2022/144740.pdf"
145619,"2021","data/cds-docs/2021-2022/145619.pdf"
145646,"2021","data/cds-docs/2021-2022/145646.pdf"
145691,"2021","data/cds-docs/2021-2022/145691.pdf"
145725,"2021","data/cds-docs/2021-2022/145725.pdf"
146481,"2021","data/cds-docs/2021-2022/146481.pdf"
146719,"2021","data/cds-docs/2021-2022/146719.pdf"
147660,"2021","data/cds-docs/2021-2022/147660.pdf"
147767,"2021","data/cds-docs/2021-2022/147767.pdf"
148131,"2021","data/cds-docs/2021-2022/148131.pdf"
148654,"2021","data/cds-docs/2021-2022/148654.pdf"
150163,"2021","data/cds-docs/2021-2022/150163.pdf"
150400,"2021","data/cds-docs/2021-2022/150400.pdf"
150455,"2021","data/cds-docs/2021-2022/150455.pdf"
151306,"2021","data/cds-docs/2021-2022/151306.pdf"
152080,"2021","data/cds-docs/2021-2022/152080.pdf"
152318,"2021","data/cds-docs/2021-2022/152318.pdf"
152390,"2021","data/cds-docs/2021-2022/152390.pdf"
152673,"2021","data/cds-docs/2021-2022/152673.pdf"
153384,"2021","data/cds-docs/2021-2022/153384.pdf"
153603,"2021","data/cds-docs/2021-2022/153603.pdf"
153658,"2021","data/cds-docs/2021-2022/153658.pdf"
155317,"2021","data/cds-docs/2021-2022/155317.pdf"
155399,"2021","data/cds-docs/2021-2022/155399.pdf"
156286,"2021","data/cds-docs/2021-2022/156286.pdf"
157058,"2021","data/cds-docs/2021-2022/157058.pdf"
157085,"2021","data/cds-docs/2021-2022/157085.pdf"
157289,"2021","data/cds-docs/2021-2022/157289.pdf"
157401,"2021","data/cds-docs/2021-2022/157401.pdf"
157951,"2021","data/cds-docs/2021-2022/157951.pdf"
159391,"2021","data/cds-docs/2021-2022/159391.pdf"
159656,"2021","data/cds-docs/2021-2022/159656.pdf"
160038,"2021","data/cds-docs/2021-2022/160038.pdf"
160658,"2021","data/cds-docs/2021-2022/160658.pdf"
160904,"2021","data/cds-docs/2021-2022/160904.pdf"
160977,"2021","data/cds-docs/2021-2022/160977.pdf"
161253,"2021","data/cds-docs/2021-2022/161253.pdf"
161341,"2021","data/cds-docs/2021-2022/161341.pdf"
162654,"2021","data/cds-docs/2021-2022/162654.pdf"
162928,"2021","data/cds-docs/2021-2022/162928.pdf"
163046,"2021","data/cds-docs/2021-2022/163046.pdf"
163462,"2021","data/cds-docs/2021-2022/163462.pdf"
163912,"2021","data/cds-docs/2021-2022/163912.pdf"
164076,"2021","data/cds-docs/2021-2022/164076.pdf"
164216,"2021","data/cds-docs/2021-2022/164216.pdf"
164465,"2021","data/cds-docs/2021-2022/164465.pdf"
164924,"2021","data/cds-docs/2021-2022/164924.pdf"
164988,"2021","data/cds-docs/2021-2022/164988.pdf"
165015,"2021","data/cds-docs/2021-2022/165015.pdf"
165334,"2021","data/cds-docs/2021-2022/165334.pdf"
166018,"2021","data/cds-docs/2021-2022/166018.pdf"
166027,"2021","data/cds-docs/2021-2022/166027.pdf"
166124,"2021","data/cds-docs/2021-2022/166124.pdf"
166513,"2021","data/cds-docs/2021-2022/166513.pdf"
166629,"2021","data/cds-docs/2021-2022/166629___www_umass_edu_uair_media_379_download.pdf"
166638,"2021","data/cds-docs/2021-2022/166638.pdf"
166939,"2021","data/cds-docs/2021-2022/166939.pdf"
167288,"2021","data/cds-docs/2021-2022/167288.pdf"
167835,"2021","data/cds-docs/2021-2022/167835.pdf"
167987,"2021","data/cds-docs/2021-2022/167987.pdf"
168148,"2021","data/cds-docs/2021-2022/168148.pdf"
168218,"2021","data/cds-docs/2021-2022/168218.pdf"
168227,"2021","data/cds-docs/2021-2022/168227.pdf"
168254,"2021","data/cds-docs/2021-2022/168254.pdf"
168263,"2021","data/cds-docs/2021-2022/168263.pdf"
168342,"2021","data/cds-docs/2021-2022/168342.pdf"
168421,"2021","data/cds-docs/2021-2022/168421.pdf"
169248,"2021","data/cds-docs/2021-2022/169248.pdf"
169716,"2021","data/cds-docs/2021-2022/169716.pdf"
169910,"2021","data/cds-docs/2021-2022/169910.pdf"
170532,"2021","data/cds-docs/2021-2022/170532.pdf"
170639,"2021","data/cds-docs/2021-2022/170639.pdf"
170967,"2021","data/cds-docs/2021-2022/170967.pdf"
170976,"2021","data/cds-docs/2021-2022/170976.pdf"
171100,"2021","data/cds-docs/2021-2022/171100.pdf"
171128,"2021","data/cds-docs/2021-2022/171128.pdf"
171456,"2021","data/cds-docs/2021-2022/171456.pdf"
171571,"2021","data/cds-docs/2021-2022/171571.pdf"
172644,"2021","data/cds-docs/2021-2022/172644.pdf"
172699,"2021","data/cds-docs/2021-2022/172699.pdf"
173258,"2021","data/cds-docs/2021-2022/173258.pdf"
173647,"2021","data/cds-docs/2021-2022/173647.pdf"
173902,"2021","data/cds-docs/2021-2022/173902.pdf"
173920,"2021","data/cds-docs/2021-2022/173920.pdf"
174066,"2021","data/cds-docs/2021-2022/174066.pdf"
174075,"2021","data/cds-docs/2021-2022/174075.pdf"
174251,"2021","data/cds-docs/2021-2022/174251.pdf"
174358,"2021","data/cds-docs/2021-2022/174358.pdf"
174783,"2021","data/cds-docs/2021-2022/174783.pdf"
174844,"2021","data/cds-docs/2021-2022/174844.pdf"
175272,"2021","data/cds-docs/2021-2022/175272.pdf"
176017,"2021","data/cds-docs/2021-2022/176017.pdf"
176080,"2021","data/cds-docs/2021-2022/176080.pdf"
176965,"2021","data/cds-docs/2021-2022/176965.pdf"
177214,"2021","data/cds-docs/2021-2022/177214.pdf"
178059,"2021","data/cds-docs/2021-2022/178059.pdf"
178387,"2021","data/cds-docs/2021-2022/178387.pdf"
178396,"2021","data/cds-docs/2021-2022/178396.pdf"
178420,"2021","data/cds-docs/2021-2022/178420.pdf"
180179,"2021","data/cds-docs/2021-2022/180179.pdf"
180461,"2021","data/cds-docs/2021-2022/180461.pdf"
180595,"2021","data/cds-docs/2021-2022/180595.pdf"
181002,"2021","data/cds-docs/2021-2022/181002.pdf"
181464,"2021","data/cds-docs/2021-2022/181464.pdf"
182281,"2021","data/cds-docs/2021-2022/182281.pdf"
182290,"2021","data/cds-docs/2021-2022/182290.pdf"
182670,"2021","data/cds-docs/2021-2022/182670.pdf"
183044,"2021","data/cds-docs/2021-2022/183044.pdf"
183062,"2021","data/cds-docs/2021-2022/183062.pdf"
183239,"2021","data/cds-docs/2021-2022/183239.pdf"
184603,"2021","data/cds-docs/2021-2022/184603.pdf"
184694,"2021","data/cds-docs/2021-2022/184694.pdf"
185590,"2021","data/cds-docs/2021-2022/185590.pdf"
186131,"2021","data/cds-docs/2021-2022/186131.pdf"
186201,"2021","data/cds-docs/2021-2022/186201.pdf"
186371,"2021","data/cds-docs/2021-2022/186371.pdf"
186380,"2021","data/cds-docs/2021-2022/186380.pdf"
186399,"2021","data/cds-docs/2021-2022/186399.pdf"
187444,"2021","data/cds-docs/2021-2022/187444.pdf"
187967,"2021","data/cds-docs/2021-2022/187967.pdf"
188340,"2021","data/cds-docs/2021-2022/188340.pdf"
188429,"2021","data/cds-docs/2021-2022/188429.pdf"
188641,"2021","data/cds-docs/2021-2022/188641.pdf"
189097,"2021","data/cds-docs/2021-2022/189097.pdf"
189705,"2021","data/cds-docs/2021-2022/189705.pdf"
190044,"2021","data/cds-docs/2021-2022/190044.pdf"
190099,"2021","data/cds-docs/2021-2022/190099.pdf"
190415,"2021","data/cds-docs/2021-2022/190415.pdf"
190512,"2021","data/cds-docs/2021-2022/190512.pdf"
190600,"2021","data/cds-docs/2021-2022/190600.pdf"
190725,"2021","data/cds-docs/2021-2022/190725.pdf"
191241,"2021","data/cds-docs/2021-2022/191241.pdf"
191515,"2021","data/cds-docs/2021-2022/191515.pdf"
191533,"2021","data/cds-docs/2021-2022/191533.pdf"
191968,"2021","data/cds-docs/2021-2022/191968.pdf"
192703,"2021","data/cds-docs/2021-2022/192703.pdf"
192819,"2021","data/cds-docs/2021-2022/192819.pdf"
193900,"2021","data/cds-docs/2021-2022/193900.pdf"
194310,"2021","data/cds-docs/2021-2022/194310.pdf"
194824,"2021","data/cds-docs/2021-2022/194824.pdf"
195003,"2021","data/cds-docs/2021-2022/195003.pdf"
195030,"2021","data/cds-docs/2021-2022/195030.pdf"
195216,"2021","data/cds-docs/2021-2022/195216.pdf"
195474,"2021","data/cds-docs/2021-2022/195474.pdf"
195526,"2021","data/cds-docs/2021-2022/195526.pdf"
196006,"2021","data/cds-docs/2021-2022/196006.pdf"
196015,"2021","data/cds-docs/2021-2022/196015.pdf"
196033,"2021","data/cds-docs/2021-2022/196033.pdf"
196042,"2021","data/cds-docs/2021-2022/196042.pdf"
196079,"2021","data/cds-docs/2021-2022/196079.pdf"
196088,"2021","data/cds-docs/2021-2022/196088.pdf"
196097,"2021","data/cds-docs/2021-2022/196097.pdf"
196121,"2021","data/cds-docs/2021-2022/196121.pdf"
196167,"2021","data/cds-docs/2021-2022/196167.pdf"
196185,"2021","data/cds-docs/2021-2022/196185.pdf"
196200,"2021","data/cds-docs/2021-2022/196200.pdf"
196219,"2021","data/cds-docs/2021-2022/196219.pdf"
196413,"2021","data/cds-docs/2021-2022/196413.pdf"
196866,"2021","data/cds-docs/2021-2022/196866.pdf"
197036,"2021","data/cds-docs/2021-2022/197036.pdf"
197045,"2021","data/cds-docs/2021-2022/197045.pdf"
197133,"2021","data/cds-docs/2021-2022/197133.pdf"
197869,"2021","data/cds-docs/2021-2022/197869.pdf"
198419,"2021","data/cds-docs/2021-2022/198419.pdf"
198464,"2021","data/cds-docs/2021-2022/198464.pdf"
199120,"2021","data/cds-docs/2021-2022/199120.pdf"
199139,"2021","data/cds-docs/2021-2022/199139.pdf"
199218,"2021","data/cds-docs/2021-2022/199218.pdf"
199281,"2021","data/cds-docs/2021-2022/199281.pdf"
199847,"2021","data/cds-docs/2021-2022/199847.pdf"
200004,"2021","data/cds-docs/2021-2022/200004.pdf"
200280,"2021","data/cds-docs/2021-2022/200280.pdf"
200800,"2021","data/cds-docs/2021-2022/200800.pdf"
201104,"2021","data/cds-docs/2021-2022/201104.pdf"
201195,"2021","data/cds-docs/2021-2022/201195.pdf"
201645,"2021","data/cds-docs/2021-2022/201645.pdf"
201885,"2021","data/cds-docs/2021-2022/201885.pdf"
202480,"2021","data/cds-docs/2021-2022/202480.pdf"
202523,"2021","data/cds-docs/2021-2022/202523.pdf"
203128,"2021","data/cds-docs/2021-2022/203128.pdf"
203368,"2021","data/cds-docs/2021-2022/203368.pdf"
204909,"2021","data/cds-docs/2021-2022/204909.pdf"
206048,"2021","data/cds-docs/2021-2022/206048.pdf"
206084,"2021","data/cds-docs/2021-2022/206084.pdf"
206622,"2021","data/cds-docs/2021-2022/206622.pdf"
206914,"2021","data/cds-docs/2021-2022/206914.pdf"
207041,"2021","data/cds-docs/2021-2022/207041.pdf"
207500,"2021","data/cds-docs/2021-2022/207500.pdf"
208646,"2021","data/cds-docs/2021-2022/208646.pdf"
209056,"2021","data/cds-docs/2021-2022/209056.pdf"
209065,"2021","data/cds-docs/2021-2022/209065.pdf"
209506,"2021","data/cds-docs/2021-2022/209506.pdf"
209542,"2021","data/cds-docs/2021-2022/209542.pdf"
209551,"2021","data/cds-docs/2021-2022/209551.pdf"
209825,"2021","data/cds-docs/2021-2022/209825.pdf"
209922,"2021","data/cds-docs/2021-2022/209922.pdf"
210429,"2021","data/cds-docs/2021-2022/210429.pdf"
210605,"2021","data/cds-docs/2021-2022/210605.pdf"
210739,"2021","data/cds-docs/2021-2022/210739.pdf"
211273,"2021","data/cds-docs/2021-2022/211273.pdf"
211291,"2021","data/cds-docs/2021-2022/211291.pdf"
211440,"2021","data/cds-docs/2021-2022/211440.pdf"
211556,"2021","data/cds-docs/2021-2022/211556.pdf"
212009,"2021","data/cds-docs/2021-2022/212009.pdf"
212054,"2021","data/cds-docs/2021-2022/212054.pdf"
212106,"2021","data/cds-docs/2021-2022/212106.pdf"
212577,"2021","data/cds-docs/2021-2022/212577.pdf"
212674,"2021","data/cds-docs/2021-2022/212674.pdf"
212911,"2021","data/cds-docs/2021-2022/212911.pdf"
213011,"2021","data/cds-docs/2021-2022/213011.pdf"
213251,"2021","data/cds-docs/2021-2022/213251.pdf"
213349,"2021","data/cds-docs/2021-2022/213349.pdf"
213385,"2021","data/cds-docs/2021-2022/213385.pdf"
213543,"2021","data/cds-docs/2021-2022/213543.pdf"
213598,"2021","data/cds-docs/2021-2022/213598.pdf"
214041,"2021","data/cds-docs/2021-2022/214041.pdf"
215062,"2021","data/cds-docs/2021-2022/215062.pdf"
215929,"2021","data/cds-docs/2021-2022/215929.pdf"
216010,"2021","data/cds-docs/2021-2022/216010.pdf"
216038,"2021","data/cds-docs/2021-2022/216038.pdf"
216278,"2021","data/cds-docs/2021-2022/216278.pdf"
216287,"2021","data/cds-docs/2021-2022/216287.pdf"
216339,"2021","data/cds-docs/2021-2022/216339.pdf"
216597,"2021","data/cds-docs/2021-2022/216597.pdf"
216764,"2021","data/cds-docs/2021-2022/216764.pdf"
217402,"2021","data/cds-docs/2021-2022/217402.pdf"
217484,"2021","data/cds-docs/2021-2022/217484.pdf"
217776,"2021","data/cds-docs/2021-2022/217776.pdf"
217819,"2021","data/cds-docs/2021-2022/217819.pdf"
217864,"2021","data/cds-docs/2021-2022/217864.pdf"
218724,"2021","data/cds-docs/2021-2022/218724.pdf"
218733,"2021","data/cds-docs/2021-2022/218733.pdf"
218964,"2021","data/cds-docs/2021-2022/218964.pdf"
219000,"2021","data/cds-docs/2021-2022/219000.pdf"
219356,"2021","data/cds-docs/2021-2022/219356.pdf"
219602,"2021","data/cds-docs/2021-2022/219602.pdf"
219709,"2021","data/cds-docs/2021-2022/219709.pdf"
220613,"2021","data/cds-docs/2021-2022/220613.pdf"
220862,"2021","data/cds-docs/2021-2022/220862.pdf"
221519,"2021","data/cds-docs/2021-2022/221519.pdf"
221731,"2021","data/cds-docs/2021-2022/221731.pdf"
221740,"2021","data/cds-docs/2021-2022/221740.pdf"
221759,"2021","data/cds-docs/2021-2022/221759.pdf"
221768,"2021","data/cds-docs/2021-2022/221768.pdf"
221847,"2021","data/cds-docs/2021-2022/221847.pdf"
222831,"2021","data/cds-docs/2021-2022/222831.pdf"
222983,"2021","data/cds-docs/2021-2022/222983.pdf"
223232,"2021","data/cds-docs/2021-2022/223232.pdf"
224147,"2021","data/cds-docs/2021-2022/224147.pdf"
224323,"2021","data/cds-docs/2021-2022/224323.pdf"
225399,"2021","data/cds-docs/2021-2022/225399.pdf"
225432,"2021","data/cds-docs/2021-2022/225432.pdf"
227182,"2021","data/cds-docs/2021-2022/227182.pdf"
227757,"2021","data/cds-docs/2021-2022/227757.pdf"
228246,"2021","data/cds-docs/2021-2022/228246.pdf"
228343,"2021","data/cds-docs/2021-2022/228343.pdf"
228431,"2021","data/cds-docs/2021-2022/228431.pdf"
228778,"2021","data/cds-docs/2021-2022/228778.pdf"
228787,"2021","data/cds-docs/2021-2022/228787.pdf"
228796,"2021","data/cds-docs/2021-2022/228796.pdf"
228802,"2021","data/cds-docs/2021-2022/228802.pdf"
228875,"2021","data/cds-docs/2021-2022/228875.pdf"
229018,"2021","data/cds-docs/2021-2022/229018.pdf"
229115,"2021","data/cds-docs/2021-2022/229115.pdf"
229267,"2021","data/cds-docs/2021-2022/229267.pdf"
230737,"2021","data/cds-docs/2021-2022/230737.pdf"
230764,"2021","data/cds-docs/2021-2022/230764.pdf"
230816,"2021","data/cds-docs/2021-2022/230816.pdf"
230959,"2021","data/cds-docs/2021-2022/230959.pdf"
230995,"2021","data/cds-docs/2021-2022/230995.pdf"
231059,"2021","data/cds-docs/2021-2022/231059.pdf"
231174,"2021","data/cds-docs/2021-2022/231174.pdf"
231624,"2021","data/cds-docs/2021-2022/231624.pdf"
231712,"2021","data/cds-docs/2021-2022/231712.pdf"
232423,"2021","data/cds-docs/2021-2022/232423.pdf"
232706,"2021","data/cds-docs/2021-2022/232706.pdf"
233277,"2021","data/cds-docs/2021-2022/233277.pdf"
233374,"2021","data/cds-docs/2021-2022/233374.pdf"
233541,"2021","data/cds-docs/2021-2022/233541.pdf"
233897,"2021","data/cds-docs/2021-2022/233897.pdf"
234030,"2021","data/cds-docs/2021-2022/234030.pdf"
234085,"2021","data/cds-docs/2021-2022/234085.pdf"
234207,"2021","data/cds-docs/2021-2022/234207.pdf"
234827,"2021","data/cds-docs/2021-2022/234827.pdf"
235097,"2021","data/cds-docs/2021-2022/235097.pdf"
235316,"2021","data/cds-docs/2021-2022/235316.pdf"
236328,"2021","data/cds-docs/2021-2022/236328.pdf"
236452,"2021","data/cds-docs/2021-2022/236452.pdf"
236896,"2021","data/cds-docs/2021-2022/236896.pdf"
237057,"2021","data/cds-docs/2021-2022/237057.pdf"
237525,"2021","data/cds-docs/2021-2022/237525.pdf"
238333,"2021","data/cds-docs/2021-2022/238333.pdf"
239017,"2021","data/cds-docs/2021-2022/239017.pdf"
239105,"2021","data/cds-docs/2021-2022/239105.pdf"
239318,"2021","data/cds-docs/2021-2022/239318.pdf"
240107,"2021","data/cds-docs/2021-2022/240107.pdf"
240189,"2021","data/cds-docs/2021-2022/240189.pdf"
240268,"2021","data/cds-docs/2021-2022/240268.pdf"
240277,"2021","data/cds-docs/2021-2022/240277.pdf"
240329,"2021","data/cds-docs/2021-2022/240329.pdf"
240365,"2021","data/cds-docs/2021-2022/240365.pdf"
240444,"2021","data/cds-docs/2021-2022/240444.pdf"
240453,"2021","data/cds-docs/2021-2022/240453.pdf"
240727,"2021","data/cds-docs/2021-2022/240727.pdf"
243744,"2021","data/cds-docs/2021-2022/243744.pdf"
243780,"2021","data/cds-docs/2021-2022/243780.pdf"
245892,"2021","data/cds-docs/2021-2022/245892.pdf"
262129,"2021","data/cds-docs/2021-2022/262129.pdf"
433660,"2021","data/cds-docs/2021-2022/433660.pdf"
441982,"2021","data/cds-docs/2021-2022/441982.pdf"
445188,"2021","data/cds-docs/2021-2022/445188.pdf"
447689,"2021","data/cds-docs/2021-2022/447689.pdf"
483018,"2021","data/cds-docs/2021-2022/483018.pdf"
484905,"2021","data/cds-docs/2021-2022/484905.pdf"
100663,"2022","data/cds-docs/2022-2023/100663.pdf"
100706,"2022","data/cds-docs/2022-2023/100706.pdf"
101480,"2022","data/cds-docs/2022-2023/101480.pdf"
101879,"2022","data/cds-docs/2022-2023/101879.pdf"
102049,"2022","data/cds-docs/2022-2023/102049.pdf"
102094,"2022","data/cds-docs/2022-2023/102094.pdf"
102368,"2022","data/cds-docs/2022-2023/102368.pdf"
102614,"2022","data/cds-docs/2022-2023/102614.pdf"
104151,"2022","data/cds-docs/2022-2023/104151.pdf"
104179,"2022","data/cds-docs/2022-2023/104179.pdf"
105330,"2022","data/cds-docs/2022-2023/105330.pdf"
106397,"2022","data/cds-docs/2022-2023/106397.pdf"
106458,"2022","data/cds-docs/2022-2023/106458.pdf"
106467,"2022","data/cds-docs/2022-2023/106467.pdf"
107080,"2022","data/cds-docs/2022-2023/107080.pdf"
107558,"2022","data/cds-docs/2022-2023/107558.pdf"
110413,"2022","data/cds-docs/2022-2023/110413.pdf"
110422,"2022","data/cds-docs/2022-2023/110422.pdf"
110510,"2022","data/cds-docs/2022-2023/110510.pdf"
110529,"2022","data/cds-docs/2022-2023/110529.pdf"
110538,"2022","data/cds-docs/2022-2023/110538.pdf"
110547,"2022","data/cds-docs/2022-2023/110547.pdf"
110583,"2022","data/cds-docs/2022-2023/110583.pdf"
110592,"2022","data/cds-docs/2022-2023/110592.pdf"
111948,"2022","data/cds-docs/2022-2023/111948.pdf"
112260,"2022","data/cds-docs/2022-2023/112260.pdf"
115409,"2022","data/cds-docs/2022-2023/115409.pdf"
115755,"2022","data/cds-docs/2022-2023/115755.pdf"
117946,"2022","data/cds-docs/2022-2023/117946.pdf"
120254,"2022","data/cds-docs/2022-2023/120254.pdf"
120403,"2022","data/cds-docs/2022-2023/120403.pdf"
120883,"2022","data/cds-docs/2022-2023/120883.pdf"
121150,"2022","data/cds-docs/2022-2023/121150.pdf"
121257,"2022","data/cds-docs/2022-2023/121257.pdf"
121345,"2022","data/cds-docs/2022-2023/121345.pdf"
122409,"2022","data/cds-docs/2022-2023/122409.pdf"
122436,"2022","data/cds-docs/2022-2023/122436.pdf"
122612,"2022","data/cds-docs/2022-2023/122612.pdf"
122755,"2022","data/cds-docs/2022-2023/122755.pdf"
122931,"2022","data/cds-docs/2022-2023/122931.pdf"
123165,"2022","data/cds-docs/2022-2023/123165.pdf"
123554,"2022","data/cds-docs/2022-2023/123554.pdf"
123961,"2022","data/cds-docs/2022-2023/123961.pdf"
125727,"2022","data/cds-docs/2022-2023/125727.pdf"
125763,"2022","data/cds-docs/2022-2023/125763.pdf"
126562,"2022","data/cds-docs/2022-2023/126562.pdf"
126580,"2022","data/cds-docs/2022-2023/126580.pdf"
126614,"2022","data/cds-docs/2022-2023/126614.pdf"
126678,"2022","data/cds-docs/2022-2023/126678.pdf"
126775,"2022","data/cds-docs/2022-2023/126775.pdf"
126818,"2022","data/cds-docs/2022-2023/126818.pdf"
127060,"2022","data/cds-docs/2022-2023/127060.pdf"
127556,"2022","data/cds-docs/2022-2023/127556.pdf"
127565,"2022","data/cds-docs/2022-2023/127565.pdf"
127741,"2022","data/cds-docs/2022-2023/127741.pdf"
127918,"2022","data/cds-docs/2022-2023/127918.pdf"
128328,"2022","data/cds-docs/2022-2023/128328.pdf"
128902,"2022","data/cds-docs/2022-2023/128902.pdf"
129020,"2022","data/cds-docs/2022-2023/129020.pdf"
129215,"2022","data/cds-docs/2022-2023/129215.pdf"
129242,"2022","data/cds-docs/2022-2023/129242.pdf"
130590,"2022","data/cds-docs/2022-2023/130590.pdf"
130697,"2022","data/cds-docs/2022-2023/130697.pdf"
130794,"2022","data/cds-docs/2022-2023/130794.pdf"
130943,"2022","data/cds-docs/2022-2023/130943.pdf"
131159,"2022","data/cds-docs/2022-2023/131159.pdf"
131450,"2022","data/cds-docs/2022-2023/131450.pdf"
131469,"2022","data/cds-docs/2022-2023/131469.pdf"
131520,"2022","data/cds-docs/2022-2023/131520.pdf"
132657,"2022","data/cds-docs/2022-2023/132657.pdf"
132903,"2022","data/cds-docs/2022-2023/132903.pdf"
133492,"2022","data/cds-docs/2022-2023/133492.pdf"
133650,"2022","data/cds-docs/2022-2023/133650.pdf"
133669,"2022","data/cds-docs/2022-2023/133669.pdf"
133711,"2022","data/cds-docs/2022-2023/133711.pdf"
133881,"2022","data/cds-docs/2022-2023/133881.pdf"
133951,"2022","data/cds-docs/2022-2023/133951.pdf"
134130,"2022","data/cds-docs/2022-2023/134130.pdf"
135726,"2022","data/cds-docs/2022-2023/135726.pdf"
136330,"2022","data/cds-docs/2022-2023/136330.pdf"
136950,"2022","data/cds-docs/2022-2023/136950.pdf"
137351,"2022","data/cds-docs/2022-2023/137351.pdf"
137546,"2022","data/cds-docs/2022-2023/137546.pdf"
138354,"2022","data/cds-docs/2022-2023/138354.pdf"
138600,"2022","data/cds-docs/2022-2023/138600.pdf"
139366,"2022","data/cds-docs/2022-2023/139366.pdf"
139658,"2022","data/cds-docs/2022-2023/139658.pdf"
139959,"2022","data/cds-docs/2022-2023/139959.pdf"
140553,"2022","data/cds-docs/2022-2023/140553.pdf"
141060,"2022","data/cds-docs/2022-2023/141060.pdf"
141264,"2022","data/cds-docs/2022-2023/141264.pdf"
141334,"2022","data/cds-docs/2022-2023/141334.pdf"
141361,"2022","data/cds-docs/2022-2023/141361.pdf"
141574,"2022","data/cds-docs/2022-2023/141574.pdf"
142276,"2022","data/cds-docs/2022-2023/142276.pdf"
142285,"2022","data/cds-docs/2022-2023/142285.pdf"
142559,"2022","data/cds-docs/2022-2023/142559.pdf"
143084,"2022","data/cds-docs/2022-2023/143084.pdf"
143118,"2022","data/cds-docs/2022-2023/143118.pdf"
143358,"2022","data/cds-docs/2022-2023/143358.pdf"
144351,"2022","data/cds-docs/2022-2023/144351.pdf"
144740,"2022","data/cds-docs/2022-2023/144740.pdf"
145336,"2022","data/cds-docs/2022-2023/145336.pdf"
145619,"2022","data/cds-docs/2022-2023/145619.pdf"
145646,"2022","data/cds-docs/2022-2023/145646.pdf"
145691,"2022","data/cds-docs/2022-2023/145691.pdf"
145725,"2022","data/cds-docs/2022-2023/145725.pdf"
145813,"2022","data/cds-docs/2022-2023/145813.pdf"
146427,"2022","data/cds-docs/2022-2023/146427.pdf"
146612,"2022","data/cds-docs/2022-2023/146612.pdf"
146719,"2022","data/cds-docs/2022-2023/146719.pdf"
147767,"2022","data/cds-docs/2022-2023/147767.pdf"
148496,"2022","data/cds-docs/2022-2023/148496.pdf"
150136,"2022","data/cds-docs/2022-2023/150136.pdf"
150163,"2022","data/cds-docs/2022-2023/150163.pdf"
150400,"2022","data/cds-docs/2022-2023/150400.pdf"
150941,"2022","data/cds-docs/2022-2023/150941.pdf"
151306,"2022","data/cds-docs/2022-2023/151306.pdf"
152080,"2022","data/cds-docs/2022-2023/152080.pdf"
152318,"2022","data/cds-docs/2022-2023/152318.pdf"
152390,"2022","data/cds-docs/2022-2023/152390.pdf"
152530,"2022","data/cds-docs/2022-2023/152530.pdf"
152673,"2022","data/cds-docs/2022-2023/152673.pdf"
153384,"2022","data/cds-docs/2022-2023/153384.pdf"
153603,"2022","data/cds-docs/2022-2023/153603.pdf"
153658,"2022","data/cds-docs/2022-2023/153658.pdf"
155317,"2022","data/cds-docs/2022-2023/155317.pdf"
155399,"2022","data/cds-docs/2022-2023/155399.pdf"
155414,"2022","data/cds-docs/2022-2023/155414.pdf"
156082,"2022","data/cds-docs/2022-2023/156082.pdf"
156286,"2022","data/cds-docs/2022-2023/156286.pdf"
156408,"2022","data/cds-docs/2022-2023/156408.pdf"
157058,"2022","data/cds-docs/2022-2023/157058.pdf"
157085,"2022","data/cds-docs/2022-2023/157085.pdf"
157289,"2022","data/cds-docs/2022-2023/157289.pdf"
159656,"2022","data/cds-docs/2022-2023/159656.pdf"
160038,"2022","data/cds-docs/2022-2023/160038.pdf"
160658,"2022","data/cds-docs/2022-2023/160658.pdf"
160959,"2022","data/cds-docs/2022-2023/160959.pdf"
160977,"2022","data/cds-docs/2022-2023/160977.pdf"
161004,"2022","data/cds-docs/2022-2023/161004.pdf"
161253,"2022","data/cds-docs/2022-2023/161253.pdf"
162654,"2022","data/cds-docs/2022-2023/162654.pdf"
162928,"2022","data/cds-docs/2022-2023/162928.pdf"
163046,"2022","data/cds-docs/2022-2023/163046.pdf"
163462,"2022","data/cds-docs/2022-2023/163462.pdf"
163912,"2022","data/cds-docs/2022-2023/163912.pdf"
164076,"2022","data/cds-docs/2022-2023/164076.pdf"
164155,"2022","data/cds-docs/2022-2023/164155.pdf"
164216,"2022","data/cds-docs/2022-2023/164216.pdf"
164465,"2022","data/cds-docs/2022-2023/164465.pdf"
164580,"2022","data/cds-docs/2022-2023/164580.pdf"
165334,"2022","data/cds-docs/2022-2023/165334.pdf"
166027,"2022","data/cds-docs/2022-2023/166027.pdf"
166124,"2022","data/cds-docs/2022-2023/166124.pdf"
166513,"2022","data/cds-docs/2022-2023/166513.pdf"
166629,"2022","data/cds-docs/2022-2023/166629___www_umass_edu_uair_media_377_download.pdf"
166629,"2022","data/cds-docs/2022-2023/166629.pdf"
166638,"2022","data/cds-docs/2022-2023/166638.pdf"
166939,"2022","data/cds-docs/2022-2023/166939.pdf"
167288,"2022","data/cds-docs/2022-2023/167288.pdf"
167835,"2022","data/cds-docs/2022-2023/167835.pdf"
167987,"2022","data/cds-docs/2022-2023/167987.pdf"
168218,"2022","data/cds-docs/2022-2023/168218.pdf"
168227,"2022","data/cds-docs/2022-2023/168227.pdf"
168254,"2022","data/cds-docs/2022-2023/168254.pdf"
168342,"2022","data/cds-docs/2022-2023/168342.pdf"
168421,"2022","data/cds-docs/2022-2023/168421.pdf"
168786,"2022","data/cds-docs/2022-2023/168786.pdf"
169248,"2022","data/cds-docs/2022-2023/169248.pdf"
169716,"2022","data/cds-docs/2022-2023/169716.pdf"
169910,"2022","data/cds-docs/2022-2023/169910.pdf"
170532,"2022","data/cds-docs/2022-2023/170532.pdf"
170639,"2022","data/cds-docs/2022-2023/170639.pdf"
170976,"2022","data/cds-docs/2022-2023/170976.pdf"
171100,"2022","data/cds-docs/2022-2023/171100.pdf"
171128,"2022","data/cds-docs/2022-2023/171128.pdf"
171456,"2022","data/cds-docs/2022-2023/171456.pdf"
171571,"2022","data/cds-docs/2022-2023/171571.pdf"
172644,"2022","data/cds-docs/2022-2023/172644.pdf"
172699,"2022","data/cds-docs/2022-2023/172699.pdf"
173258,"2022","data/cds-docs/2022-2023/173258.pdf"
173647,"2022","data/cds-docs/2022-2023/173647.pdf"
173920,"2022","data/cds-docs/2022-2023/173920.pdf"
174066,"2022","data/cds-docs/2022-2023/174066.pdf"
174251,"2022","data/cds-docs/2022-2023/174251.pdf"
174783,"2022","data/cds-docs/2022-2023/174783.pdf"
174844,"2022","data/cds-docs/2022-2023/174844.pdf"
175272,"2022","data/cds-docs/2022-2023/175272.pdf"
176017,"2022","data/cds-docs/2022-2023/176017.pdf"
176080,"2022","data/cds-docs/2022-2023/176080.pdf"
176372,"2022","data/cds-docs/2022-2023/176372.pdf"
176965,"2022","data/cds-docs/2022-2023/176965.pdf"
177214,"2022","data/cds-docs/2022-2023/177214.pdf"
177940,"2022","data/cds-docs/2022-2023/177940.pdf"
178059,"2022","data/cds-docs/2022-2023/178059.pdf"
178396,"2022","data/cds-docs/2022-2023/178396.pdf"
178402,"2022","data/cds-docs/2022-2023/178402.pdf"
178420,"2022","data/cds-docs/2022-2023/178420.pdf"
180461,"2022","data/cds-docs/2022-2023/180461.pdf"
180489,"2022","data/cds-docs/2022-2023/180489.pdf"
180595,"2022","data/cds-docs/2022-2023/180595.pdf"
181002,"2022","data/cds-docs/2022-2023/181002.pdf"
181464,"2022","data/cds-docs/2022-2023/181464.pdf"
182281,"2022","data/cds-docs/2022-2023/182281.pdf"
182290,"2022","data/cds-docs/2022-2023/182290.pdf"
182670,"2022","data/cds-docs/2022-2023/182670.pdf"
183044,"2022","data/cds-docs/2022-2023/183044.pdf"
183062,"2022","data/cds-docs/2022-2023/183062.pdf"
184603,"2022","data/cds-docs/2022-2023/184603.pdf"
184694,"2022","data/cds-docs/2022-2023/184694.pdf"
185590,"2022","data/cds-docs/2022-2023/185590.pdf"
186131,"2022","data/cds-docs/2022-2023/186131.pdf"
186201,"2022","data/cds-docs/2022-2023/186201.pdf"
186371,"2022","data/cds-docs/2022-2023/186371.pdf"
186380,"2022","data/cds-docs/2022-2023/186380.pdf"
186399,"2022","data/cds-docs/2022-2023/186399.pdf"
186867,"2022","data/cds-docs/2022-2023/186867.pdf"
187967,"2022","data/cds-docs/2022-2023/187967.pdf"
188340,"2022","data/cds-docs/2022-2023/188340.pdf"
188429,"2022","data/cds-docs/2022-2023/188429.pdf"
188641,"2022","data/cds-docs/2022-2023/188641.pdf"
189097,"2022","data/cds-docs/2022-2023/189097.pdf"
189705,"2022","data/cds-docs/2022-2023/189705.pdf"
190099,"2022","data/cds-docs/2022-2023/190099.pdf"
190415,"2022","data/cds-docs/2022-2023/190415.pdf"
190512,"2022","data/cds-docs/2022-2023/190512.pdf"
190600,"2022","data/cds-docs/2022-2023/190600.pdf"
191126,"2022","data/cds-docs/2022-2023/191126.pdf"
191241,"2022","data/cds-docs/2022-2023/191241.pdf"
191515,"2022","data/cds-docs/2022-2023/191515.pdf"
191533,"2022","data/cds-docs/2022-2023/191533.pdf"
191649,"2022","data/cds-docs/2022-2023/191649.pdf"
191968,"2022","data/cds-docs/2022-2023/191968.pdf"
192703,"2022","data/cds-docs/2022-2023/192703.pdf"
192819,"2022","data/cds-docs/2022-2023/192819.pdf"
193900,"2022","data/cds-docs/2022-2023/193900.pdf"
194310,"2022","data/cds-docs/2022-2023/194310.pdf"
194578,"2022","data/cds-docs/2022-2023/194578.pdf"
194824,"2022","data/cds-docs/2022-2023/194824.pdf"
195003,"2022","data/cds-docs/2022-2023/195003.pdf"
195030,"2022","data/cds-docs/2022-2023/195030.pdf"
195216,"2022","data/cds-docs/2022-2023/195216.pdf"
195474,"2022","data/cds-docs/2022-2023/195474.pdf"
195526,"2022","data/cds-docs/2022-2023/195526.pdf"
196006,"2022","data/cds-docs/2022-2023/196006.pdf"
196015,"2022","data/cds-docs/2022-2023/196015.pdf"
196079,"2022","data/cds-docs/2022-2023/196079.pdf"
196088,"2022","data/cds-docs/2022-2023/196088.pdf"
196097,"2022","data/cds-docs/2022-2023/196097.pdf"
196121,"2022","data/cds-docs/2022-2023/196121.pdf"
196167,"2022","data/cds-docs/2022-2023/196167.pdf"
196185,"2022","data/cds-docs/2022-2023/196185.pdf"
196200,"2022","data/cds-docs/2022-2023/196200.pdf"
196219,"2022","data/cds-docs/2022-2023/196219.pdf"
196413,"2022","data/cds-docs/2022-2023/196413.pdf"
196866,"2022","data/cds-docs/2022-2023/196866.pdf"
197036,"2022","data/cds-docs/2022-2023/197036.pdf"
197045,"2022","data/cds-docs/2022-2023/197045.pdf"
197133,"2022","data/cds-docs/2022-2023/197133.pdf"
197869,"2022","data/cds-docs/2022-2023/197869.pdf"
197911,"2022","data/cds-docs/2022-2023/197911.pdf"
198385,"2022","data/cds-docs/2022-2023/198385.pdf"
198464,"2022","data/cds-docs/2022-2023/198464.pdf"
198835,"2022","data/cds-docs/2022-2023/198835.pdf"
199102,"2022","data/cds-docs/2022-2023/199102.pdf"
199120,"2022","data/cds-docs/2022-2023/199120.pdf"
199184,"2022","data/cds-docs/2022-2023/199184.pdf"
199218,"2022","data/cds-docs/2022-2023/199218.pdf"
199281,"2022","data/cds-docs/2022-2023/199281.pdf"
199847,"2022","data/cds-docs/2022-2023/199847.pdf"
200280,"2022","data/cds-docs/2022-2023/200280.pdf"
200800,"2022","data/cds-docs/2022-2023/200800.pdf"
201104,"2022","data/cds-docs/2022-2023/201104.pdf"
201195,"2022","data/cds-docs/2022-2023/201195.pdf"
201548,"2022","data/cds-docs/2022-2023/201548.pdf"
201645,"2022","data/cds-docs/2022-2023/201645.pdf"
201654,"2022","data/cds-docs/2022-2023/201654.pdf"
201885,"2022","data/cds-docs/2022-2023/201885.pdf"
202480,"2022","data/cds-docs/2022-2023/202480.pdf"
202523,"2022","data/cds-docs/2022-2023/202523.pdf"
203775,"2022","data/cds-docs/2022-2023/203775.pdf"
204501,"2022","data/cds-docs/2022-2023/204501.pdf"
204909,"2022","data/cds-docs/2022-2023/204909.pdf"
206048,"2022","data/cds-docs/2022-2023/206048.pdf"
206084,"2022","data/cds-docs/2022-2023/206084.pdf"
206622,"2022","data/cds-docs/2022-2023/206622.pdf"
207500,"2022","data/cds-docs/2022-2023/207500.pdf"
207564,"2022","data/cds-docs/2022-2023/207564.pdf"
207847,"2022","data/cds-docs/2022-2023/207847.pdf"
208646,"2022","data/cds-docs/2022-2023/208646.pdf"
209056,"2022","data/cds-docs/2022-2023/209056.pdf"
209506,"2022","data/cds-docs/2022-2023/209506.pdf"
209542,"2022","data/cds-docs/2022-2023/209542.pdf"
209551,"2022","data/cds-docs/2022-2023/209551.pdf"
209807,"2022","data/cds-docs/2022-2023/209807.pdf"
209825,"2022","data/cds-docs/2022-2023/209825.pdf"
209922,"2022","data/cds-docs/2022-2023/209922.pdf"
210739,"2022","data/cds-docs/2022-2023/210739.pdf"
211088,"2022","data/cds-docs/2022-2023/211088.pdf"
211273,"2022","data/cds-docs/2022-2023/211273.pdf"
211291,"2022","data/cds-docs/2022-2023/211291.pdf"
211440,"2022","data/cds-docs/2022-2023/211440.pdf"
212009,"2022","data/cds-docs/2022-2023/212009.pdf"
212054,"2022","data/cds-docs/2022-2023/212054.pdf"
212106,"2022","data/cds-docs/2022-2023/212106.pdf"
212674,"2022","data/cds-docs/2022-2023/212674.pdf"
212911,"2022","data/cds-docs/2022-2023/212911.pdf"
213011,"2022","data/cds-docs/2022-2023/213011.pdf"
213020,"2022","data/cds-docs/2022-2023/213020.pdf"
213251,"2022","data/cds-docs/2022-2023/213251.pdf"
213349,"2022","data/cds-docs/2022-2023/213349.pdf"
213385,"2022","data/cds-docs/2022-2023/213385.pdf"
213543,"2022","data/cds-docs/2022-2023/213543.pdf"
213598,"2022","data/cds-docs/2022-2023/213598.pdf"
213996,"2022","data/cds-docs/2022-2023/213996.pdf"
215062,"2022","data/cds-docs/2022-2023/215062.pdf"
215442,"2022","data/cds-docs/2022-2023/215442.pdf"
215929,"2022","data/cds-docs/2022-2023/215929.pdf"
216010,"2022","data/cds-docs/2022-2023/216010.pdf"
216038,"2022","data/cds-docs/2022-2023/216038.pdf"
216287,"2022","data/cds-docs/2022-2023/216287.pdf"
216339,"2022","data/cds-docs/2022-2023/216339.pdf"
216597,"2022","data/cds-docs/2022-2023/216597.pdf"
216764,"2022","data/cds-docs/2022-2023/216764.pdf"
217402,"2022","data/cds-docs/2022-2023/217402.pdf"
217484,"2022","data/cds-docs/2022-2023/217484.pdf"
217776,"2022","data/cds-docs/2022-2023/217776.pdf"
217819,"2022","data/cds-docs/2022-2023/217819.pdf"
217864,"2022","data/cds-docs/2022-2023/217864.pdf"
217882,"2022","data/cds-docs/2022-2023/217882.pdf"
218724,"2022","data/cds-docs/2022-2023/218724.pdf"
218733,"2022","data/cds-docs/2022-2023/218733.pdf"
218964,"2022","data/cds-docs/2022-2023/218964.pdf"
219000,"2022","data/cds-docs/2022-2023/219000.pdf"
219198,"2022","data/cds-docs/2022-2023/219198.pdf"
219602,"2022","data/cds-docs/2022-2023/219602.pdf"
219709,"2022","data/cds-docs/2022-2023/219709.pdf"
219976,"2022","data/cds-docs/2022-2023/219976.pdf"
220613,"2022","data/cds-docs/2022-2023/220613.pdf"
220862,"2022","data/cds-docs/2022-2023/220862.pdf"
221519,"2022","data/cds-docs/2022-2023/221519.pdf"
221768,"2022","data/cds-docs/2022-2023/221768.pdf"
221847,"2022","data/cds-docs/2022-2023/221847.pdf"
222831,"2022","data/cds-docs/2022-2023/222831.pdf"
222983,"2022","data/cds-docs/2022-2023/222983.pdf"
223232,"2022","data/cds-docs/2022-2023/223232.pdf"
224323,"2022","data/cds-docs/2022-2023/224323.pdf"
224554,"2022","data/cds-docs/2022-2023/224554.pdf"
225399,"2022","data/cds-docs/2022-2023/225399.pdf"
225432,"2022","data/cds-docs/2022-2023/225432.pdf"
227182,"2022","data/cds-docs/2022-2023/227182.pdf"
227757,"2022","data/cds-docs/2022-2023/227757.pdf"
227881,"2022","data/cds-docs/2022-2023/227881.pdf"
228343,"2022","data/cds-docs/2022-2023/228343.pdf"
228431,"2022","data/cds-docs/2022-2023/228431.pdf"
228802,"2022","data/cds-docs/2022-2023/228802.pdf"
228875,"2022","data/cds-docs/2022-2023/228875.pdf"
229115,"2022","data/cds-docs/2022-2023/229115.pdf"
229267,"2022","data/cds-docs/2022-2023/229267.pdf"
229814,"2022","data/cds-docs/2022-2023/229814.pdf"
230038,"2022","data/cds-docs/2022-2023/230038.pdf"
230603,"2022","data/cds-docs/2022-2023/230603.pdf"
230728,"2022","data/cds-docs/2022-2023/230728.pdf"
230764,"2022","data/cds-docs/2022-2023/230764.pdf"
230816,"2022","data/cds-docs/2022-2023/230816.pdf"
230959,"2022","data/cds-docs/2022-2023/230959.pdf"
230995,"2022","data/cds-docs/2022-2023/230995.pdf"
231059,"2022","data/cds-docs/2022-2023/231059.pdf"
231174,"2022","data/cds-docs/2022-2023/231174.pdf"
231651,"2022","data/cds-docs/2022-2023/231651.pdf"
231712,"2022","data/cds-docs/2022-2023/231712.pdf"
232423,"2022","data/cds-docs/2022-2023/232423.pdf"
232681,"2022","data/cds-docs/2022-2023/232681.pdf"
232706,"2022","data/cds-docs/2022-2023/232706.pdf"
233277,"2022","data/cds-docs/2022-2023/233277.pdf"
233374,"2022","data/cds-docs/2022-2023/233374.pdf"
233718,"2022","data/cds-docs/2022-2023/233718.pdf"
233897,"2022","data/cds-docs/2022-2023/233897.pdf"
234030,"2022","data/cds-docs/2022-2023/234030.pdf"
234076,"2022","data/cds-docs/2022-2023/234076.pdf"
234085,"2022","data/cds-docs/2022-2023/234085.pdf"
234207,"2022","data/cds-docs/2022-2023/234207.pdf"
235097,"2022","data/cds-docs/2022-2023/235097.pdf"
235167,"2022","data/cds-docs/2022-2023/235167.pdf"
235316,"2022","data/cds-docs/2022-2023/235316.pdf"
236133,"2022","data/cds-docs/2022-2023/236133.pdf"
236328,"2022","data/cds-docs/2022-2023/236328.pdf"
236939,"2022","data/cds-docs/2022-2023/236939.pdf"
237011,"2022","data/cds-docs/2022-2023/237011.pdf"
237057,"2022","data/cds-docs/2022-2023/237057.pdf"
237525,"2022","data/cds-docs/2022-2023/237525.pdf"
238333,"2022","data/cds-docs/2022-2023/238333.pdf"
238476,"2022","data/cds-docs/2022-2023/238476.pdf"
239017,"2022","data/cds-docs/2022-2023/239017.pdf"
239105,"2022","data/cds-docs/2022-2023/239105.pdf"
239318,"2022","data/cds-docs/2022-2023/239318.pdf"
240268,"2022","data/cds-docs/2022-2023/240268.pdf"
240277,"2022","data/cds-docs/2022-2023/240277.pdf"
240329,"2022","data/cds-docs/2022-2023/240329.pdf"
240365,"2022","data/cds-docs/2022-2023/240365.pdf"
240444,"2022","data/cds-docs/2022-2023/240444.pdf"
240453,"2022","data/cds-docs/2022-2023/240453.pdf"
240727,"2022","data/cds-docs/2022-2023/240727.pdf"
243744,"2022","data/cds-docs/2022-2023/243744.pdf"
243780,"2022","data/cds-docs/2022-2023/243780.pdf"
247834,"2022","data/cds-docs/2022-2023/247834.pdf"
262129,"2022","data/cds-docs/2022-2023/262129.pdf"
399911,"2022","data/cds-docs/2022-2023/399911.pdf"
433660,"2022","data/cds-docs/2022-2023/433660.pdf"
441982,"2022","data/cds-docs/2022-2023/441982.pdf"
447689,"2022","data/cds-docs/2022-2023/447689.pdf"
480569,"2022","data/cds-docs/2022-2023/480569.pdf"
482936,"2022","data/cds-docs/2022-2023/482936.pdf"
487524,"2022","data/cds-docs/2022-2023/487524.pdf"
487603,"2022","data/cds-docs/2022-2023/487603.pdf"
498562,"2022","data/cds-docs/2022-2023/498562.pdf"
100663,"2023","data/cds-docs/2023-2024/100663.pdf"
101709,"2023","data/cds-docs/2023-2024/101709.pdf"
102094,"2023","data/cds-docs/2023-2024/102094.pdf"
102368,"2023","data/cds-docs/2023-2024/102368.pdf"
102614,"2023","data/cds-docs/2023-2024/102614.pdf"
104179,"2023","data/cds-docs/2023-2024/104179.pdf"
105330,"2023","data/cds-docs/2023-2024/105330.pdf"
106458,"2023","data/cds-docs/2023-2024/106458.pdf"
106467,"2023","data/cds-docs/2023-2024/106467.pdf"
110413,"2023","data/cds-docs/2023-2024/110413.pdf"
110422,"2023","data/cds-docs/2023-2024/110422.pdf"
110510,"2023","data/cds-docs/2023-2024/110510.pdf"
110529,"2023","data/cds-docs/2023-2024/110529.pdf"
110583,"2023","data/cds-docs/2023-2024/110583.pdf"
110592,"2023","data/cds-docs/2023-2024/110592.pdf"
110644,"2023","data/cds-docs/2023-2024/110644.pdf"
111948,"2023","data/cds-docs/2023-2024/111948.pdf"
112260,"2023","data/cds-docs/2023-2024/112260.pdf"
115409,"2023","data/cds-docs/2023-2024/115409.pdf"
115755,"2023","data/cds-docs/2023-2024/115755.pdf"
117946,"2023","data/cds-docs/2023-2024/117946.pdf"
120254,"2023","data/cds-docs/2023-2024/120254.pdf"
120883,"2023","data/cds-docs/2023-2024/120883.pdf"
121150,"2023","data/cds-docs/2023-2024/121150.pdf"
121257,"2023","data/cds-docs/2023-2024/121257.pdf"
121345,"2023","data/cds-docs/2023-2024/121345.pdf"
122409,"2023","data/cds-docs/2023-2024/122409.pdf"
122436,"2023","data/cds-docs/2023-2024/122436.pdf"
122755,"2023","data/cds-docs/2023-2024/122755.pdf"
122931,"2023","data/cds-docs/2023-2024/122931.pdf"
123165,"2023","data/cds-docs/2023-2024/123165.pdf"
123554,"2023","data/cds-docs/2023-2024/123554.pdf"
123651,"2023","data/cds-docs/2023-2024/123651.pdf"
123961,"2023","data/cds-docs/2023-2024/123961.pdf"
126289,"2023","data/cds-docs/2023-2024/126289.pdf"
126580,"2023","data/cds-docs/2023-2024/126580.pdf"
126614,"2023","data/cds-docs/2023-2024/126614.pdf"
126678,"2023","data/cds-docs/2023-2024/126678.pdf"
127060,"2023","data/cds-docs/2023-2024/127060.pdf"
127565,"2023","data/cds-docs/2023-2024/127565.pdf"
127741,"2023","data/cds-docs/2023-2024/127741.pdf"
127918,"2023","data/cds-docs/2023-2024/127918.pdf"
128902,"2023","data/cds-docs/2023-2024/128902.pdf"
129020,"2023","data/cds-docs/2023-2024/129020.pdf"
129242,"2023","data/cds-docs/2023-2024/129242.pdf"
130226,"2023","data/cds-docs/2023-2024/130226.pdf"
130590,"2023","data/cds-docs/2023-2024/130590.pdf"
130794,"2023","data/cds-docs/2023-2024/130794.pdf"
130943,"2023","data/cds-docs/2023-2024/130943.pdf"
131159,"2023","data/cds-docs/2023-2024/131159.pdf"
131450,"2023","data/cds-docs/2023-2024/131450.pdf"
131469,"2023","data/cds-docs/2023-2024/131469.pdf"
131496,"2023","data/cds-docs/2023-2024/131496.pdf"
132657,"2023","data/cds-docs/2023-2024/132657.pdf"
132903,"2023","data/cds-docs/2023-2024/132903.pdf"
133492,"2023","data/cds-docs/2023-2024/133492.pdf"
133650,"2023","data/cds-docs/2023-2024/133650.pdf"
133669,"2023","data/cds-docs/2023-2024/133669.pdf"
133711,"2023","data/cds-docs/2023-2024/133711.pdf"
133881,"2023","data/cds-docs/2023-2024/133881.pdf"
133951,"2023","data/cds-docs/2023-2024/133951.pdf"
134130,"2023","data/cds-docs/2023-2024/134130.pdf"
135726,"2023","data/cds-docs/2023-2024/135726.pdf"
136330,"2023","data/cds-docs/2023-2024/136330.pdf"
136950,"2023","data/cds-docs/2023-2024/136950.pdf"
137351,"2023","data/cds-docs/2023-2024/137351.pdf"
137546,"2023","data/cds-docs/2023-2024/137546.pdf"
138354,"2023","data/cds-docs/2023-2024/138354.pdf"
138600,"2023","data/cds-docs/2023-2024/138600.pdf"
138947,"2023","data/cds-docs/2023-2024/138947.pdf"
139366,"2023","data/cds-docs/2023-2024/139366.pdf"
139658,"2023","data/cds-docs/2023-2024/139658.pdf"
139940,"2023","data/cds-docs/2023-2024/139940.pdf"
139959,"2023","data/cds-docs/2023-2024/139959.pdf"
140553,"2023","data/cds-docs/2023-2024/140553.pdf"
141060,"2023","data/cds-docs/2023-2024/141060.pdf"
141264,"2023","data/cds-docs/2023-2024/141264.pdf"
141334,"2023","data/cds-docs/2023-2024/141334.pdf"
142328,"2023","data/cds-docs/2023-2024/142328.pdf"
142559,"2023","data/cds-docs/2023-2024/142559.pdf"
143084,"2023","data/cds-docs/2023-2024/143084.pdf"
143118,"2023","data/cds-docs/2023-2024/143118.pdf"
143358,"2023","data/cds-docs/2023-2024/143358.pdf"
144050,"2023","data/cds-docs/2023-2024/144050.pdf"
144740,"2023","data/cds-docs/2023-2024/144740.pdf"
145619,"2023","data/cds-docs/2023-2024/145619.pdf"
145646,"2023","data/cds-docs/2023-2024/145646.pdf"
145691,"2023","data/cds-docs/2023-2024/145691.pdf"
145725,"2023","data/cds-docs/2023-2024/145725.pdf"
146719,"2023","data/cds-docs/2023-2024/146719.pdf"
147767,"2023","data/cds-docs/2023-2024/147767.pdf"
148131,"2023","data/cds-docs/2023-2024/148131.pdf"
149222,"2023","data/cds-docs/2023-2024/149222.pdf"
150136,"2023","data/cds-docs/2023-2024/150136.pdf"
150400,"2023","data/cds-docs/2023-2024/150400.pdf"
150455,"2023","data/cds-docs/2023-2024/150455.pdf"
151306,"2023","data/cds-docs/2023-2024/151306.pdf"
152080,"2023","data/cds-docs/2023-2024/152080.pdf"
152318,"2023","data/cds-docs/2023-2024/152318.pdf"
152390,"2023","data/cds-docs/2023-2024/152390.pdf"
152530,"2023","data/cds-docs/2023-2024/152530.pdf"
152600,"2023","data/cds-docs/2023-2024/152600.pdf"
152673,"2023","data/cds-docs/2023-2024/152673.pdf"
153384,"2023","data/cds-docs/2023-2024/153384.pdf"
153603,"2023","data/cds-docs/2023-2024/153603.pdf"
153658,"2023","data/cds-docs/2023-2024/153658.pdf"
153834,"2023","data/cds-docs/2023-2024/153834.pdf"
155317,"2023","data/cds-docs/2023-2024/155317.pdf"
155399,"2023","data/cds-docs/2023-2024/155399.pdf"
155681,"2023","data/cds-docs/2023-2024/155681.pdf"
156286,"2023","data/cds-docs/2023-2024/156286.pdf"
157058,"2023","data/cds-docs/2023-2024/157058.pdf"
157085,"2023","data/cds-docs/2023-2024/157085.pdf"
157289,"2023","data/cds-docs/2023-2024/157289.pdf"
157535,"2023","data/cds-docs/2023-2024/157535.pdf"
159391,"2023","data/cds-docs/2023-2024/159391.pdf"
159656,"2023","data/cds-docs/2023-2024/159656.pdf"
160038,"2023","data/cds-docs/2023-2024/160038.pdf"
160658,"2023","data/cds-docs/2023-2024/160658.pdf"
160977,"2023","data/cds-docs/2023-2024/160977.pdf"
161004,"2023","data/cds-docs/2023-2024/161004.pdf"
161253,"2023","data/cds-docs/2023-2024/161253.pdf"
162654,"2023","data/cds-docs/2023-2024/162654.pdf"
162928,"2023","data/cds-docs/2023-2024/162928.pdf"
163046,"2023","data/cds-docs/2023-2024/163046.pdf"
163912,"2023","data/cds-docs/2023-2024/163912.pdf"
164216,"2023","data/cds-docs/2023-2024/164216.pdf"
164465,"2023","data/cds-docs/2023-2024/164465.pdf"
164580,"2023","data/cds-docs/2023-2024/164580.pdf"
164988,"2023","data/cds-docs/2023-2024/164988.pdf"
165015,"2023","data/cds-docs/2023-2024/165015.pdf"
165334,"2023","data/cds-docs/2023-2024/165334.pdf"
165820,"2023","data/cds-docs/2023-2024/165820.pdf"
166027,"2023","data/cds-docs/2023-2024/166027.pdf"
166124,"2023","data/cds-docs/2023-2024/166124.pdf"
166513,"2023","data/cds-docs/2023-2024/166513.pdf"
166629,"2023","data/cds-docs/2023-2024/166629___www_umass_edu_uair_media_878_download.pdf"
166638,"2023","data/cds-docs/2023-2024/166638.pdf"
166683,"2023","data/cds-docs/2023-2024/166683.pdf"
166939,"2023","data/cds-docs/2023-2024/166939.pdf"
167288,"2023","data/cds-docs/2023-2024/167288.pdf"
167835,"2023","data/cds-docs/2023-2024/167835.pdf"
167987,"2023","data/cds-docs/2023-2024/167987.pdf"
168148,"2023","data/cds-docs/2023-2024/168148.pdf"
168218,"2023","data/cds-docs/2023-2024/168218.pdf"
168254,"2023","data/cds-docs/2023-2024/168254.pdf"
168342,"2023","data/cds-docs/2023-2024/168342.pdf"
168421,"2023","data/cds-docs/2023-2024/168421.pdf"
169248,"2023","data/cds-docs/2023-2024/169248.pdf"
169910,"2023","data/cds-docs/2023-2024/169910.pdf"
170639,"2023","data/cds-docs/2023-2024/170639.pdf"
170976,"2023","data/cds-docs/2023-2024/170976.pdf"
171100,"2023","data/cds-docs/2023-2024/171100.pdf"
171128,"2023","data/cds-docs/2023-2024/171128.pdf"
171456,"2023","data/cds-docs/2023-2024/171456.pdf"
171571,"2023","data/cds-docs/2023-2024/171571.pdf"
172644,"2023","data/cds-docs/2023-2024/172644.pdf"
172699,"2023","data/cds-docs/2023-2024/172699.pdf"
173258,"2023","data/cds-docs/2023-2024/173258.pdf"
173647,"2023","data/cds-docs/2023-2024/173647.pdf"
173902,"2023","data/cds-docs/2023-2024/173902.pdf"
174066,"2023","data/cds-docs/2023-2024/174066.pdf"
174251,"2023","data/cds-docs/2023-2024/174251.pdf"
174783,"2023","data/cds-docs/2023-2024/174783.pdf"
174844,"2023","data/cds-docs/2023-2024/174844.pdf"
176017,"2023","data/cds-docs/2023-2024/176017.pdf"
176080,"2023","data/cds-docs/2023-2024/176080.pdf"
176372,"2023","data/cds-docs/2023-2024/176372.pdf"
176965,"2023","data/cds-docs/2023-2024/176965.pdf"
177065,"2023","data/cds-docs/2023-2024/177065.pdf"
177214,"2023","data/cds-docs/2023-2024/177214.pdf"
177940,"2023","data/cds-docs/2023-2024/177940.pdf"
178387,"2023","data/cds-docs/2023-2024/178387.pdf"
178396,"2023","data/cds-docs/2023-2024/178396.pdf"
178402,"2023","data/cds-docs/2023-2024/178402.pdf"
179867,"2023","data/cds-docs/2023-2024/179867.pdf"
180461,"2023","data/cds-docs/2023-2024/180461.pdf"
180595,"2023","data/cds-docs/2023-2024/180595.pdf"
181002,"2023","data/cds-docs/2023-2024/181002.pdf"
181464,"2023","data/cds-docs/2023-2024/181464.pdf"
182281,"2023","data/cds-docs/2023-2024/182281.pdf"
182290,"2023","data/cds-docs/2023-2024/182290.pdf"
182670,"2023","data/cds-docs/2023-2024/182670.pdf"
183044,"2023","data/cds-docs/2023-2024/183044.pdf"
183062,"2023","data/cds-docs/2023-2024/183062.pdf"
184603,"2023","data/cds-docs/2023-2024/184603.pdf"
184694,"2023","data/cds-docs/2023-2024/184694.pdf"
185590,"2023","data/cds-docs/2023-2024/185590.pdf"
186131,"2023","data/cds-docs/2023-2024/186131.pdf"
186201,"2023","data/cds-docs/2023-2024/186201.pdf"
186371,"2023","data/cds-docs/2023-2024/186371.pdf"
186380,"2023","data/cds-docs/2023-2024/186380.pdf"
186399,"2023","data/cds-docs/2023-2024/186399.pdf"
186867,"2023","data/cds-docs/2023-2024/186867.pdf"
187967,"2023","data/cds-docs/2023-2024/187967.pdf"
188641,"2023","data/cds-docs/2023-2024/188641.pdf"
189097,"2023","data/cds-docs/2023-2024/189097.pdf"
189705,"2023","data/cds-docs/2023-2024/189705.pdf"
190099,"2023","data/cds-docs/2023-2024/190099.pdf"
190415,"2023","data/cds-docs/2023-2024/190415.pdf"
190725,"2023","data/cds-docs/2023-2024/190725.pdf"
191126,"2023","data/cds-docs/2023-2024/191126.pdf"
191515,"2023","data/cds-docs/2023-2024/191515.pdf"
191630,"2023","data/cds-docs/2023-2024/191630.pdf"
191968,"2023","data/cds-docs/2023-2024/191968.pdf"
192703,"2023","data/cds-docs/2023-2024/192703.pdf"
192819,"2023","data/cds-docs/2023-2024/192819.pdf"
193900,"2023","data/cds-docs/2023-2024/193900.pdf"
194310,"2023","data/cds-docs/2023-2024/194310.pdf"
194958,"2023","data/cds-docs/2023-2024/194958.pdf"
195003,"2023","data/cds-docs/2023-2024/195003.pdf"
195030,"2023","data/cds-docs/2023-2024/195030.pdf"
195216,"2023","data/cds-docs/2023-2024/195216.pdf"
195304,"2023","data/cds-docs/2023-2024/195304.pdf"
195526,"2023","data/cds-docs/2023-2024/195526.pdf"
195720,"2023","data/cds-docs/2023-2024/195720.pdf"
196015,"2023","data/cds-docs/2023-2024/196015.pdf"
196042,"2023","data/cds-docs/2023-2024/196042.pdf"
196088,"2023","data/cds-docs/2023-2024/196088.pdf"
196097,"2023","data/cds-docs/2023-2024/196097.pdf"
196103,"2023","data/cds-docs/2023-2024/196103.pdf"
196121,"2023","data/cds-docs/2023-2024/196121.pdf"
196158,"2023","data/cds-docs/2023-2024/196158.pdf"
196167,"2023","data/cds-docs/2023-2024/196167.pdf"
196185,"2023","data/cds-docs/2023-2024/196185.pdf"
196200,"2023","data/cds-docs/2023-2024/196200.pdf"
196219,"2023","data/cds-docs/2023-2024/196219.pdf"
196413,"2023","data/cds-docs/2023-2024/196413.pdf"
196866,"2023","data/cds-docs/2023-2024/196866.pdf"
197133,"2023","data/cds-docs/2023-2024/197133.pdf"
197911,"2023","data/cds-docs/2023-2024/197911.pdf"
198385,"2023","data/cds-docs/2023-2024/198385.pdf"
198419,"2023","data/cds-docs/2023-2024/198419.pdf"
198464,"2023","data/cds-docs/2023-2024/198464.pdf"
198835,"2023","data/cds-docs/2023-2024/198835.pdf"
199120,"2023","data/cds-docs/2023-2024/199120.pdf"
199139,"2023","data/cds-docs/2023-2024/199139.pdf"
199281,"2023","data/cds-docs/2023-2024/199281.pdf"
199412,"2023","data/cds-docs/2023-2024/199412.pdf"
199582,"2023","data/cds-docs/2023-2024/199582.pdf"
199847,"2023","data/cds-docs/2023-2024/199847.pdf"
200004,"2023","data/cds-docs/2023-2024/200004.pdf"
200253,"2023","data/cds-docs/2023-2024/200253.pdf"
201104,"2023","data/cds-docs/2023-2024/201104.pdf"
201195,"2023","data/cds-docs/2023-2024/201195.pdf"
201645,"2023","data/cds-docs/2023-2024/201645.pdf"
201885,"2023","data/cds-docs/2023-2024/201885.pdf"
202480,"2023","data/cds-docs/2023-2024/202480.pdf"
202523,"2023","data/cds-docs/2023-2024/202523.pdf"
203535,"2023","data/cds-docs/2023-2024/203535.pdf"
204501,"2023","data/cds-docs/2023-2024/204501.pdf"
204909,"2023","data/cds-docs/2023-2024/204909.pdf"
206048,"2023","data/cds-docs/2023-2024/206048.pdf"
206589,"2023","data/cds-docs/2023-2024/206589.pdf"
206622,"2023","data/cds-docs/2023-2024/206622.pdf"
207661,"2023","data/cds-docs/2023-2024/207661.pdf"
207935,"2023","data/cds-docs/2023-2024/207935.pdf"
208646,"2023","data/cds-docs/2023-2024/208646.pdf"
209056,"2023","data/cds-docs/2023-2024/209056.pdf"
209506,"2023","data/cds-docs/2023-2024/209506.pdf"
209542,"2023","data/cds-docs/2023-2024/209542.pdf"
209551,"2023","data/cds-docs/2023-2024/209551.pdf"
209807,"2023","data/cds-docs/2023-2024/209807.pdf"
209825,"2023","data/cds-docs/2023-2024/209825.pdf"
209922,"2023","data/cds-docs/2023-2024/209922.pdf"
210429,"2023","data/cds-docs/2023-2024/210429.pdf"
211440,"2023","data/cds-docs/2023-2024/211440.pdf"
212009,"2023","data/cds-docs/2023-2024/212009.pdf"
212054,"2023","data/cds-docs/2023-2024/212054.pdf"
212106,"2023","data/cds-docs/2023-2024/212106.pdf"
212577,"2023","data/cds-docs/2023-2024/212577.pdf"
212674,"2023","data/cds-docs/2023-2024/212674.pdf"
212911,"2023","data/cds-docs/2023-2024/212911.pdf"
213385,"2023","data/cds-docs/2023-2024/213385.pdf"
213543,"2023","data/cds-docs/2023-2024/213543.pdf"
213598,"2023","data/cds-docs/2023-2024/213598.pdf"
215062,"2023","data/cds-docs/2023-2024/215062.pdf"
215798,"2023","data/cds-docs/2023-2024/215798.pdf"
215929,"2023","data/cds-docs/2023-2024/215929.pdf"
216287,"2023","data/cds-docs/2023-2024/216287.pdf"
216339,"2023","data/cds-docs/2023-2024/216339.pdf"
216597,"2023","data/cds-docs/2023-2024/216597.pdf"
216764,"2023","data/cds-docs/2023-2024/216764.pdf"
216931,"2023","data/cds-docs/2023-2024/216931.pdf"
217402,"2023","data/cds-docs/2023-2024/217402.pdf"
217484,"2023","data/cds-docs/2023-2024/217484.pdf"
217819,"2023","data/cds-docs/2023-2024/217819.pdf"
217864,"2023","data/cds-docs/2023-2024/217864.pdf"
217882,"2023","data/cds-docs/2023-2024/217882.pdf"
218724,"2023","data/cds-docs/2023-2024/218724.pdf"
218733,"2023","data/cds-docs/2023-2024/218733.pdf"
218964,"2023","data/cds-docs/2023-2024/218964.pdf"
219198,"2023","data/cds-docs/2023-2024/219198.pdf"
219471,"2023","data/cds-docs/2023-2024/219471.pdf"
219602,"2023","data/cds-docs/2023-2024/219602.pdf"
219709,"2023","data/cds-docs/2023-2024/219709.pdf"
220613,"2023","data/cds-docs/2023-2024/220613.pdf"
220862,"2023","data/cds-docs/2023-2024/220862.pdf"
221519,"2023","data/cds-docs/2023-2024/221519.pdf"
221740,"2023","data/cds-docs/2023-2024/221740.pdf"
221838,"2023","data/cds-docs/2023-2024/221838.pdf"
221847,"2023","data/cds-docs/2023-2024/221847.pdf"
222831,"2023","data/cds-docs/2023-2024/222831.pdf"
222983,"2023","data/cds-docs/2023-2024/222983.pdf"
223232,"2023","data/cds-docs/2023-2024/223232.pdf"
225399,"2023","data/cds-docs/2023-2024/225399.pdf"
225432,"2023","data/cds-docs/2023-2024/225432.pdf"
226091,"2023","data/cds-docs/2023-2024/226091.pdf"
227182,"2023","data/cds-docs/2023-2024/227182.pdf"
227757,"2023","data/cds-docs/2023-2024/227757.pdf"
227881,"2023","data/cds-docs/2023-2024/227881.pdf"
228246,"2023","data/cds-docs/2023-2024/228246.pdf"
228343,"2023","data/cds-docs/2023-2024/228343.pdf"
228431,"2023","data/cds-docs/2023-2024/228431.pdf"
228705,"2023","data/cds-docs/2023-2024/228705.pdf"
228802,"2023","data/cds-docs/2023-2024/228802.pdf"
228875,"2023","data/cds-docs/2023-2024/228875.pdf"
229018,"2023","data/cds-docs/2023-2024/229018.pdf"
229115,"2023","data/cds-docs/2023-2024/229115.pdf"
229267,"2023","data/cds-docs/2023-2024/229267.pdf"
229814,"2023","data/cds-docs/2023-2024/229814.pdf"
230038,"2023","data/cds-docs/2023-2024/230038.pdf"
230737,"2023","data/cds-docs/2023-2024/230737.pdf"
230764,"2023","data/cds-docs/2023-2024/230764.pdf"
230816,"2023","data/cds-docs/2023-2024/230816.pdf"
230959,"2023","data/cds-docs/2023-2024/230959.pdf"
231059,"2023","data/cds-docs/2023-2024/231059.pdf"
231174,"2023","data/cds-docs/2023-2024/231174.pdf"
232043,"2023","data/cds-docs/2023-2024/232043.pdf"
232423,"2023","data/cds-docs/2023-2024/232423.pdf"
232681,"2023","data/cds-docs/2023-2024/232681.pdf"
232706,"2023","data/cds-docs/2023-2024/232706.pdf"
233277,"2023","data/cds-docs/2023-2024/233277.pdf"
233374,"2023","data/cds-docs/2023-2024/233374.pdf"
233897,"2023","data/cds-docs/2023-2024/233897.pdf"
233921,"2023","data/cds-docs/2023-2024/233921.pdf"
234030,"2023","data/cds-docs/2023-2024/234030.pdf"
234076,"2023","data/cds-docs/2023-2024/234076.pdf"
234085,"2023","data/cds-docs/2023-2024/234085.pdf"
234207,"2023","data/cds-docs/2023-2024/234207.pdf"
234827,"2023","data/cds-docs/2023-2024/234827.pdf"
235097,"2023","data/cds-docs/2023-2024/235097.pdf"
235316,"2023","data/cds-docs/2023-2024/235316.pdf"
236328,"2023","data/cds-docs/2023-2024/236328.pdf"
236896,"2023","data/cds-docs/2023-2024/236896.pdf"
237057,"2023","data/cds-docs/2023-2024/237057.pdf"
237525,"2023","data/cds-docs/2023-2024/237525.pdf"
238032,"2023","data/cds-docs/2023-2024/238032.pdf"
238333,"2023","data/cds-docs/2023-2024/238333.pdf"
238476,"2023","data/cds-docs/2023-2024/238476.pdf"
239017,"2023","data/cds-docs/2023-2024/239017.pdf"
239105,"2023","data/cds-docs/2023-2024/239105.pdf"
239318,"2023","data/cds-docs/2023-2024/239318.pdf"
240107,"2023","data/cds-docs/2023-2024/240107.pdf"
240277,"2023","data/cds-docs/2023-2024/240277.pdf"
240444,"2023","data/cds-docs/2023-2024/240444.pdf"
240453,"2023","data/cds-docs/2023-2024/240453.pdf"
240727,"2023","data/cds-docs/2023-2024/240727.pdf"
243744,"2023","data/cds-docs/2023-2024/243744.pdf"
247834,"2023","data/cds-docs/2023-2024/247834.pdf"
262129,"2023","data/cds-docs/2023-2024/262129.pdf"
433660,"2023","data/cds-docs/2023-2024/433660.pdf"
441982,"2023","data/cds-docs/2023-2024/441982.pdf"
447689,"2023","data/cds-docs/2023-2024/447689.pdf"
482936,"2023","data/cds-docs/2023-2024/482936.pdf"
484905,"2023","data/cds-docs/2023-2024/484905.pdf"
100663,"2024","data/cds-docs/2024-2025/100663.pdf"
100830,"2024","data/cds-docs/2024-2025/100830.pdf"
100858,"2024","data/cds-docs/2024-2025/100858.pdf"
102049,"2024","data/cds-docs/2024-2025/102049.pdf"
102094,"2024","data/cds-docs/2024-2025/102094.pdf"
102368,"2024","data/cds-docs/2024-2025/102368.pdf"
102614,"2024","data/cds-docs/2024-2025/102614.pdf"
104151,"2024","data/cds-docs/2024-2025/104151.pdf"
104179,"2024","data/cds-docs/2024-2025/104179.pdf"
105330,"2024","data/cds-docs/2024-2025/105330.pdf"
106397,"2024","data/cds-docs/2024-2025/106397.pdf"
106467,"2024","data/cds-docs/2024-2025/106467.pdf"
110404,"2024","data/cds-docs/2024-2025/110404.pdf"
110413,"2024","data/cds-docs/2024-2025/110413.pdf"
110422,"2024","data/cds-docs/2024-2025/110422.pdf"
110510,"2024","data/cds-docs/2024-2025/110510.pdf"
110529,"2024","data/cds-docs/2024-2025/110529.pdf"
110538,"2024","data/cds-docs/2024-2025/110538.pdf"
110565,"2024","data/cds-docs/2024-2025/110565.pdf"
110583,"2024","data/cds-docs/2024-2025/110583.pdf"
110592,"2024","data/cds-docs/2024-2025/110592.pdf"
110608,"2024","data/cds-docs/2024-2025/110608.pdf"
110635,"2024","data/cds-docs/2024-2025/110635.pdf"
110653,"2024","data/cds-docs/2024-2025/110653.pdf"
110662,"2024","data/cds-docs/2024-2025/110662.pdf"
110671,"2024","data/cds-docs/2024-2025/110671.pdf"
110680,"2024","data/cds-docs/2024-2025/110680.pdf"
110705,"2024","data/cds-docs/2024-2025/110705.pdf"
110714,"2024","data/cds-docs/2024-2025/110714.pdf"
111948,"2024","data/cds-docs/2024-2025/111948.pdf"
112260,"2024","data/cds-docs/2024-2025/112260.pdf"
115409,"2024","data/cds-docs/2024-2025/115409.pdf"
115755,"2024","data/cds-docs/2024-2025/115755.pdf"
117946,"2024","data/cds-docs/2024-2025/117946.pdf"
120254,"2024","data/cds-docs/2024-2025/120254.pdf"
120403,"2024","data/cds-docs/2024-2025/120403.pdf"
120883,"2024","data/cds-docs/2024-2025/120883.pdf"
121150,"2024","data/cds-docs/2024-2025/121150.pdf"
121257,"2024","data/cds-docs/2024-2025/121257.pdf"
121345,"2024","data/cds-docs/2024-2025/121345.pdf"
122409,"2024","data/cds-docs/2024-2025/122409.pdf"
122436,"2024","data/cds-docs/2024-2025/122436.pdf"
122612,"2024","data/cds-docs/2024-2025/122612.pdf"
122755,"2024","data/cds-docs/2024-2025/122755.pdf"
122931,"2024","data/cds-docs/2024-2025/122931.pdf"
123165,"2024","data/cds-docs/2024-2025/123165.pdf"
123554,"2024","data/cds-docs/2024-2025/123554.pdf"
123961,"2024","data/cds-docs/2024-2025/123961.pdf"
126289,"2024","data/cds-docs/2024-2025/126289.pdf"
126580,"2024","data/cds-docs/2024-2025/126580.pdf"
126614,"2024","data/cds-docs/2024-2025/126614.pdf"
126678,"2024","data/cds-docs/2024-2025/126678.pdf"
127060,"2024","data/cds-docs/2024-2025/127060.pdf"
127200,"2024","data/cds-docs/2024-2025/127200.pdf"
127556,"2024","data/cds-docs/2024-2025/127556.pdf"
127565,"2024","data/cds-docs/2024-2025/127565.pdf"
127741,"2024","data/cds-docs/2024-2025/127741.pdf"
128106,"2024","data/cds-docs/2024-2025/128106.pdf"
128498,"2024","data/cds-docs/2024-2025/128498.pdf"
128902,"2024","data/cds-docs/2024-2025/128902.pdf"
129020,"2024","data/cds-docs/2024-2025/129020.pdf"
129215,"2024","data/cds-docs/2024-2025/129215.pdf"
129242,"2024","data/cds-docs/2024-2025/129242.pdf"
130590,"2024","data/cds-docs/2024-2025/130590.pdf"
130697,"2024","data/cds-docs/2024-2025/130697.pdf"
130794,"2024","data/cds-docs/2024-2025/130794.pdf"
130943,"2024","data/cds-docs/2024-2025/130943.pdf"
131159,"2024","data/cds-docs/2024-2025/131159.pdf"
131450,"2024","data/cds-docs/2024-2025/131450.pdf"
131469,"2024","data/cds-docs/2024-2025/131469.pdf"
131496,"2024","data/cds-docs/2024-2025/131496.pdf"
131520,"2024","data/cds-docs/2024-2025/131520.pdf"
132602,"2024","data/cds-docs/2024-2025/132602.pdf"
132903,"2024","data/cds-docs/2024-2025/132903.pdf"
133492,"2024","data/cds-docs/2024-2025/133492.pdf"
133650,"2024","data/cds-docs/2024-2025/133650.pdf"
133669,"2024","data/cds-docs/2024-2025/133669.pdf"
133881,"2024","data/cds-docs/2024-2025/133881.pdf"
133951,"2024","data/cds-docs/2024-2025/133951.pdf"
134097,"2024","data/cds-docs/2024-2025/134097.pdf"
134130,"2024","data/cds-docs/2024-2025/134130.pdf"
135726,"2024","data/cds-docs/2024-2025/135726.pdf"
136950,"2024","data/cds-docs/2024-2025/136950.pdf"
137351,"2024","data/cds-docs/2024-2025/137351.pdf"
137546,"2024","data/cds-docs/2024-2025/137546.pdf"
138354,"2024","data/cds-docs/2024-2025/138354.pdf"
138600,"2024","data/cds-docs/2024-2025/138600.pdf"
139250,"2024","data/cds-docs/2024-2025/139250.pdf"
139366,"2024","data/cds-docs/2024-2025/139366.pdf"
139658,"2024","data/cds-docs/2024-2025/139658.pdf"
139755,"2024","data/cds-docs/2024-2025/139755.pdf"
139940,"2024","data/cds-docs/2024-2025/139940.pdf"
139959,"2024","data/cds-docs/2024-2025/139959.pdf"
141060,"2024","data/cds-docs/2024-2025/141060.pdf"
141264,"2024","data/cds-docs/2024-2025/141264.pdf"
141334,"2024","data/cds-docs/2024-2025/141334.pdf"
141574,"2024","data/cds-docs/2024-2025/141574.pdf"
142115,"2024","data/cds-docs/2024-2025/142115.pdf"
142328,"2024","data/cds-docs/2024-2025/142328.pdf"
143084,"2024","data/cds-docs/2024-2025/143084.pdf"
143118,"2024","data/cds-docs/2024-2025/143118.pdf"
143358,"2024","data/cds-docs/2024-2025/143358.pdf"
144050,"2024","data/cds-docs/2024-2025/144050.pdf"
144740,"2024","data/cds-docs/2024-2025/144740.pdf"
145646,"2024","data/cds-docs/2024-2025/145646.pdf"
146427,"2024","data/cds-docs/2024-2025/146427.pdf"
146481,"2024","data/cds-docs/2024-2025/146481.pdf"
146612,"2024","data/cds-docs/2024-2025/146612.pdf"
146719,"2024","data/cds-docs/2024-2025/146719.pdf"
147767,"2024","data/cds-docs/2024-2025/147767.pdf"
147776,"2024","data/cds-docs/2024-2025/147776.pdf"
148131,"2024","data/cds-docs/2024-2025/148131.pdf"
148885,"2024","data/cds-docs/2024-2025/148885.pdf"
150136,"2024","data/cds-docs/2024-2025/150136.pdf"
150400,"2024","data/cds-docs/2024-2025/150400.pdf"
150455,"2024","data/cds-docs/2024-2025/150455.pdf"
151306,"2024","data/cds-docs/2024-2025/151306.pdf"
151324,"2024","data/cds-docs/2024-2025/151324.pdf"
151351,"2024","data/cds-docs/2024-2025/151351.pdf"
152080,"2024","data/cds-docs/2024-2025/152080.pdf"
152318,"2024","data/cds-docs/2024-2025/152318.pdf"
152390,"2024","data/cds-docs/2024-2025/152390.pdf"
152600,"2024","data/cds-docs/2024-2025/152600.pdf"
153108,"2024","data/cds-docs/2024-2025/153108.pdf"
153162,"2024","data/cds-docs/2024-2025/153162.pdf"
153269,"2024","data/cds-docs/2024-2025/153269.pdf"
153384,"2024","data/cds-docs/2024-2025/153384.pdf"
153603,"2024","data/cds-docs/2024-2025/153603.pdf"
153658,"2024","data/cds-docs/2024-2025/153658.pdf"
155025,"2024","data/cds-docs/2024-2025/155025.pdf"
155317,"2024","data/cds-docs/2024-2025/155317.pdf"
155399,"2024","data/cds-docs/2024-2025/155399.pdf"
155511,"2024","data/cds-docs/2024-2025/155511.pdf"
155681,"2024","data/cds-docs/2024-2025/155681.pdf"
156286,"2024","data/cds-docs/2024-2025/156286.pdf"
157058,"2024","data/cds-docs/2024-2025/157058.pdf"
157085,"2024","data/cds-docs/2024-2025/157085.pdf"
157289,"2024","data/cds-docs/2024-2025/157289.pdf"
157386,"2024","data/cds-docs/2024-2025/157386.pdf"
157447,"2024","data/cds-docs/2024-2025/157447.pdf"
159351,"2024","data/cds-docs/2024-2025/159351.pdf"
159656,"2024","data/cds-docs/2024-2025/159656.pdf"
160612,"2024","data/cds-docs/2024-2025/160612.pdf"
160755,"2024","data/cds-docs/2024-2025/160755.pdf"
160904,"2024","data/cds-docs/2024-2025/160904.pdf"
160977,"2024","data/cds-docs/2024-2025/160977.pdf"
161004,"2024","data/cds-docs/2024-2025/161004.pdf"
161253,"2024","data/cds-docs/2024-2025/161253.pdf"
162654,"2024","data/cds-docs/2024-2025/162654.pdf"
162928,"2024","data/cds-docs/2024-2025/162928.pdf"
163046,"2024","data/cds-docs/2024-2025/163046.pdf"
163268,"2024","data/cds-docs/2024-2025/163268.pdf"
163286,"2024","data/cds-docs/2024-2025/163286.pdf"
163462,"2024","data/cds-docs/2024-2025/163462.pdf"
163851,"2024","data/cds-docs/2024-2025/163851.pdf"
163912,"2024","data/cds-docs/2024-2025/163912.pdf"
164076,"2024","data/cds-docs/2024-2025/164076.pdf"
164216,"2024","data/cds-docs/2024-2025/164216.pdf"
164465,"2024","data/cds-docs/2024-2025/164465.pdf"
164580,"2024","data/cds-docs/2024-2025/164580.pdf"
164748,"2024","data/cds-docs/2024-2025/164748.pdf"
164924,"2024","data/cds-docs/2024-2025/164924.pdf"
164988,"2024","data/cds-docs/2024-2025/164988.pdf"
165015,"2024","data/cds-docs/2024-2025/165015.pdf"
165334,"2024","data/cds-docs/2024-2025/165334.pdf"
166027,"2024","data/cds-docs/2024-2025/166027.pdf"
166513,"2024","data/cds-docs/2024-2025/166513.pdf"
166629,"2024","data/cds-docs/2024-2025/166629.pdf"
166683,"2024","data/cds-docs/2024-2025/166683.pdf"
166939,"2024","data/cds-docs/2024-2025/166939.pdf"
167358,"2024","data/cds-docs/2024-2025/167358.pdf"
167729,"2024","data/cds-docs/2024-2025/167729.pdf"
167835,"2024","data/cds-docs/2024-2025/167835.pdf"
167987,"2024","data/cds-docs/2024-2025/167987.pdf"
168148,"2024","data/cds-docs/2024-2025/168148.pdf"
168218,"2024","data/cds-docs/2024-2025/168218.pdf"
168254,"2024","data/cds-docs/2024-2025/168254.pdf"
168263,"2024","data/cds-docs/2024-2025/168263.pdf"
168342,"2024","data/cds-docs/2024-2025/168342.pdf"
168421,"2024","data/cds-docs/2024-2025/168421.pdf"
168430,"2024","data/cds-docs/2024-2025/168430.pdf"
168591,"2024","data/cds-docs/2024-2025/168591.pdf"
169248,"2024","data/cds-docs/2024-2025/169248.pdf"
169798,"2024","data/cds-docs/2024-2025/169798.pdf"
169910,"2024","data/cds-docs/2024-2025/169910.pdf"
170301,"2024","data/cds-docs/2024-2025/170301.pdf"
170639,"2024","data/cds-docs/2024-2025/170639.pdf"
170976,"2024","data/cds-docs/2024-2025/170976.pdf"
171100,"2024","data/cds-docs/2024-2025/171100.pdf"
171128,"2024","data/cds-docs/2024-2025/171128.pdf"
171137,"2024","data/cds-docs/2024-2025/171137.pdf"
171146,"2024","data/cds-docs/2024-2025/171146.pdf"
171456,"2024","data/cds-docs/2024-2025/171456.pdf"
171571,"2024","data/cds-docs/2024-2025/171571.pdf"
172644,"2024","data/cds-docs/2024-2025/172644.pdf"
172699,"2024","data/cds-docs/2024-2025/172699.pdf"
173160,"2024","data/cds-docs/2024-2025/173160.pdf"
173258,"2024","data/cds-docs/2024-2025/173258.pdf"
173902,"2024","data/cds-docs/2024-2025/173902.pdf"
174066,"2024","data/cds-docs/2024-2025/174066.pdf"
174783,"2024","data/cds-docs/2024-2025/174783.pdf"
174844,"2024","data/cds-docs/2024-2025/174844.pdf"
176017,"2024","data/cds-docs/2024-2025/176017.pdf"
176080,"2024","data/cds-docs/2024-2025/176080.pdf"
176372,"2024","data/cds-docs/2024-2025/176372.pdf"
176965,"2024","data/cds-docs/2024-2025/176965.pdf"
177065,"2024","data/cds-docs/2024-2025/177065.pdf"
178059,"2024","data/cds-docs/2024-2025/178059.pdf"
178341,"2024","data/cds-docs/2024-2025/178341.pdf"
178387,"2024","data/cds-docs/2024-2025/178387.pdf"
178396,"2024","data/cds-docs/2024-2025/178396.pdf"
178402,"2024","data/cds-docs/2024-2025/178402.pdf"
178420,"2024","data/cds-docs/2024-2025/178420.pdf"
179867,"2024","data/cds-docs/2024-2025/179867.pdf"
180179,"2024","data/cds-docs/2024-2025/180179.pdf"
180461,"2024","data/cds-docs/2024-2025/180461.pdf"
180489,"2024","data/cds-docs/2024-2025/180489.pdf"
180595,"2024","data/cds-docs/2024-2025/180595.pdf"
181002,"2024","data/cds-docs/2024-2025/181002.pdf"
182281,"2024","data/cds-docs/2024-2025/182281.pdf"
182290,"2024","data/cds-docs/2024-2025/182290.pdf"
182670,"2024","data/cds-docs/2024-2025/182670.pdf"
183044,"2024","data/cds-docs/2024-2025/183044.pdf"
183062,"2024","data/cds-docs/2024-2025/183062.pdf"
184603,"2024","data/cds-docs/2024-2025/184603.pdf"
184694,"2024","data/cds-docs/2024-2025/184694.pdf"
185590,"2024","data/cds-docs/2024-2025/185590.pdf"
186131,"2024","data/cds-docs/2024-2025/186131.pdf"
186201,"2024","data/cds-docs/2024-2025/186201.pdf"
186867,"2024","data/cds-docs/2024-2025/186867.pdf"
187134,"2024","data/cds-docs/2024-2025/187134.pdf"
189097,"2024","data/cds-docs/2024-2025/189097.pdf"
189705,"2024","data/cds-docs/2024-2025/189705.pdf"
190044,"2024","data/cds-docs/2024-2025/190044.pdf"
190080,"2024","data/cds-docs/2024-2025/190080.pdf"
190099,"2024","data/cds-docs/2024-2025/190099.pdf"
190150,"2024","data/cds-docs/2024-2025/190150.pdf"
190415,"2024","data/cds-docs/2024-2025/190415.pdf"
190567,"2024","data/cds-docs/2024-2025/190567.pdf"
190691,"2024","data/cds-docs/2024-2025/190691.pdf"
191126,"2024","data/cds-docs/2024-2025/191126.pdf"
191515,"2024","data/cds-docs/2024-2025/191515.pdf"
191630,"2024","data/cds-docs/2024-2025/191630.pdf"
191649,"2024","data/cds-docs/2024-2025/191649.pdf"
191968,"2024","data/cds-docs/2024-2025/191968.pdf"
192703,"2024","data/cds-docs/2024-2025/192703.pdf"
192819,"2024","data/cds-docs/2024-2025/192819.pdf"
193900,"2024","data/cds-docs/2024-2025/193900.pdf"
194310,"2024","data/cds-docs/2024-2025/194310.pdf"
194824,"2024","data/cds-docs/2024-2025/194824.pdf"
195003,"2024","data/cds-docs/2024-2025/195003.pdf"
195030,"2024","data/cds-docs/2024-2025/195030.pdf"
195216,"2024","data/cds-docs/2024-2025/195216.pdf"
195304,"2024","data/cds-docs/2024-2025/195304.pdf"
195526,"2024","data/cds-docs/2024-2025/195526.pdf"
196015,"2024","data/cds-docs/2024-2025/196015.pdf"
196042,"2024","data/cds-docs/2024-2025/196042.pdf"
196060,"2024","data/cds-docs/2024-2025/196060.pdf"
196079,"2024","data/cds-docs/2024-2025/196079.pdf"
196088,"2024","data/cds-docs/2024-2025/196088.pdf"
196097,"2024","data/cds-docs/2024-2025/196097.pdf"
196185,"2024","data/cds-docs/2024-2025/196185.pdf"
196200,"2024","data/cds-docs/2024-2025/196200.pdf"
196219,"2024","data/cds-docs/2024-2025/196219.pdf"
196866,"2024","data/cds-docs/2024-2025/196866.pdf"
197036,"2024","data/cds-docs/2024-2025/197036.pdf"
197133,"2024","data/cds-docs/2024-2025/197133.pdf"
197869,"2024","data/cds-docs/2024-2025/197869.pdf"
197911,"2024","data/cds-docs/2024-2025/197911.pdf"
198385,"2024","data/cds-docs/2024-2025/198385.pdf"
198419,"2024","data/cds-docs/2024-2025/198419.pdf"
198464,"2024","data/cds-docs/2024-2025/198464.pdf"
198835,"2024","data/cds-docs/2024-2025/198835.pdf"
199111,"2024","data/cds-docs/2024-2025/199111.pdf"
199120,"2024","data/cds-docs/2024-2025/199120.pdf"
199139,"2024","data/cds-docs/2024-2025/199139.pdf"
199193,"2024","data/cds-docs/2024-2025/199193.pdf"
199218,"2024","data/cds-docs/2024-2025/199218.pdf"
199281,"2024","data/cds-docs/2024-2025/199281.pdf"
199847,"2024","data/cds-docs/2024-2025/199847.pdf"
200004,"2024","data/cds-docs/2024-2025/200004.pdf"
200800,"2024","data/cds-docs/2024-2025/200800.pdf"
201195,"2024","data/cds-docs/2024-2025/201195.pdf"
201548,"2024","data/cds-docs/2024-2025/201548.pdf"
201645,"2024","data/cds-docs/2024-2025/201645.pdf"
203368,"2024","data/cds-docs/2024-2025/203368.pdf"
203535,"2024","data/cds-docs/2024-2025/203535.pdf"
204501,"2024","data/cds-docs/2024-2025/204501.pdf"
204796,"2024","data/cds-docs/2024-2025/204796.pdf"
204909,"2024","data/cds-docs/2024-2025/204909.pdf"
206589,"2024","data/cds-docs/2024-2025/206589.pdf"
206914,"2024","data/cds-docs/2024-2025/206914.pdf"
207041,"2024","data/cds-docs/2024-2025/207041.pdf"
207500,"2024","data/cds-docs/2024-2025/207500.pdf"
207564,"2024","data/cds-docs/2024-2025/207564.pdf"
207661,"2024","data/cds-docs/2024-2025/207661.pdf"
208646,"2024","data/cds-docs/2024-2025/208646.pdf"
209056,"2024","data/cds-docs/2024-2025/209056.pdf"
209065,"2024","data/cds-docs/2024-2025/209065.pdf"
209506,"2024","data/cds-docs/2024-2025/209506.pdf"
209542,"2024","data/cds-docs/2024-2025/209542.pdf"
209551,"2024","data/cds-docs/2024-2025/209551.pdf"
209825,"2024","data/cds-docs/2024-2025/209825.pdf"
209922,"2024","data/cds-docs/2024-2025/209922.pdf"
210429,"2024","data/cds-docs/2024-2025/210429.pdf"
211291,"2024","data/cds-docs/2024-2025/211291.pdf"
211440,"2024","data/cds-docs/2024-2025/211440.pdf"
211556,"2024","data/cds-docs/2024-2025/211556.pdf"
212009,"2024","data/cds-docs/2024-2025/212009.pdf"
212054,"2024","data/cds-docs/2024-2025/212054.pdf"
212106,"2024","data/cds-docs/2024-2025/212106.pdf"
212577,"2024","data/cds-docs/2024-2025/212577.pdf"
212674,"2024","data/cds-docs/2024-2025/212674.pdf"
212832,"2024","data/cds-docs/2024-2025/212832.pdf"
212911,"2024","data/cds-docs/2024-2025/212911.pdf"
213011,"2024","data/cds-docs/2024-2025/213011.pdf"
213020,"2024","data/cds-docs/2024-2025/213020.pdf"
213349,"2024","data/cds-docs/2024-2025/213349.pdf"
213385,"2024","data/cds-docs/2024-2025/213385.pdf"
213543,"2024","data/cds-docs/2024-2025/213543.pdf"
213598,"2024","data/cds-docs/2024-2025/213598.pdf"
213668,"2024","data/cds-docs/2024-2025/213668.pdf"
214272,"2024","data/cds-docs/2024-2025/214272.pdf"
214777,"2024","data/cds-docs/2024-2025/214777.pdf"
215062,"2024","data/cds-docs/2024-2025/215062.pdf"
215293,"2024","data/cds-docs/2024-2025/215293.pdf"
215442,"2024","data/cds-docs/2024-2025/215442.pdf"
215929,"2024","data/cds-docs/2024-2025/215929.pdf"
216287,"2024","data/cds-docs/2024-2025/216287.pdf"
216339,"2024","data/cds-docs/2024-2025/216339.pdf"
216597,"2024","data/cds-docs/2024-2025/216597.pdf"
216764,"2024","data/cds-docs/2024-2025/216764.pdf"
216852,"2024","data/cds-docs/2024-2025/216852.pdf"
216931,"2024","data/cds-docs/2024-2025/216931.pdf"
217402,"2024","data/cds-docs/2024-2025/217402.pdf"
217420,"2024","data/cds-docs/2024-2025/217420.pdf"
217484,"2024","data/cds-docs/2024-2025/217484.pdf"
217819,"2024","data/cds-docs/2024-2025/217819.pdf"
217864,"2024","data/cds-docs/2024-2025/217864.pdf"
217882,"2024","data/cds-docs/2024-2025/217882.pdf"
218663,"2024","data/cds-docs/2024-2025/218663.pdf"
218724,"2024","data/cds-docs/2024-2025/218724.pdf"
218733,"2024","data/cds-docs/2024-2025/218733.pdf"
218964,"2024","data/cds-docs/2024-2025/218964.pdf"
219471,"2024","data/cds-docs/2024-2025/219471.pdf"
219602,"2024","data/cds-docs/2024-2025/219602.pdf"
219709,"2024","data/cds-docs/2024-2025/219709.pdf"
220613,"2024","data/cds-docs/2024-2025/220613.pdf"
220862,"2024","data/cds-docs/2024-2025/220862.pdf"
221351,"2024","data/cds-docs/2024-2025/221351.pdf"
221759,"2024","data/cds-docs/2024-2025/221759.pdf"
221838,"2024","data/cds-docs/2024-2025/221838.pdf"
222831,"2024","data/cds-docs/2024-2025/222831.pdf"
222983,"2024","data/cds-docs/2024-2025/222983.pdf"
223232,"2024","data/cds-docs/2024-2025/223232.pdf"
224147,"2024","data/cds-docs/2024-2025/224147.pdf"
224323,"2024","data/cds-docs/2024-2025/224323.pdf"
225399,"2024","data/cds-docs/2024-2025/225399.pdf"
225432,"2024","data/cds-docs/2024-2025/225432.pdf"
226091,"2024","data/cds-docs/2024-2025/226091.pdf"
227182,"2024","data/cds-docs/2024-2025/227182.pdf"
227757,"2024","data/cds-docs/2024-2025/227757.pdf"
228246,"2024","data/cds-docs/2024-2025/228246.pdf"
228343,"2024","data/cds-docs/2024-2025/228343.pdf"
228431,"2024","data/cds-docs/2024-2025/228431.pdf"
228705,"2024","data/cds-docs/2024-2025/228705.pdf"
228723,"2024","data/cds-docs/2024-2025/228723.pdf"
228778,"2024","data/cds-docs/2024-2025/228778.pdf"
228787,"2024","data/cds-docs/2024-2025/228787.pdf"
228796,"2024","data/cds-docs/2024-2025/228796.pdf"
228802,"2024","data/cds-docs/2024-2025/228802.pdf"
228875,"2024","data/cds-docs/2024-2025/228875.pdf"
229018,"2024","data/cds-docs/2024-2025/229018.pdf"
229115,"2024","data/cds-docs/2024-2025/229115.pdf"
229267,"2024","data/cds-docs/2024-2025/229267.pdf"
230038,"2024","data/cds-docs/2024-2025/230038.pdf"
230728,"2024","data/cds-docs/2024-2025/230728.pdf"
230737,"2024","data/cds-docs/2024-2025/230737.pdf"
230764,"2024","data/cds-docs/2024-2025/230764.pdf"
230816,"2024","data/cds-docs/2024-2025/230816.pdf"
230959,"2024","data/cds-docs/2024-2025/230959.pdf"
231059,"2024","data/cds-docs/2024-2025/231059.pdf"
231174,"2024","data/cds-docs/2024-2025/231174.pdf"
231624,"2024","data/cds-docs/2024-2025/231624.pdf"
231712,"2024","data/cds-docs/2024-2025/231712.pdf"
232043,"2024","data/cds-docs/2024-2025/232043.pdf"
232186,"2024","data/cds-docs/2024-2025/232186.pdf"
232423,"2024","data/cds-docs/2024-2025/232423.pdf"
232681,"2024","data/cds-docs/2024-2025/232681.pdf"
232982,"2024","data/cds-docs/2024-2025/232982.pdf"
233277,"2024","data/cds-docs/2024-2025/233277.pdf"
233374,"2024","data/cds-docs/2024-2025/233374.pdf"
233541,"2024","data/cds-docs/2024-2025/233541.pdf"
234030,"2024","data/cds-docs/2024-2025/234030.pdf"
234076,"2024","data/cds-docs/2024-2025/234076.pdf"
234085,"2024","data/cds-docs/2024-2025/234085.pdf"
234207,"2024","data/cds-docs/2024-2025/234207.pdf"
234827,"2024","data/cds-docs/2024-2025/234827.pdf"
235097,"2024","data/cds-docs/2024-2025/235097.pdf"
235167,"2024","data/cds-docs/2024-2025/235167.pdf"
235316,"2024","data/cds-docs/2024-2025/235316.pdf"
236133,"2024","data/cds-docs/2024-2025/236133.pdf"
236230,"2024","data/cds-docs/2024-2025/236230.pdf"
236328,"2024","data/cds-docs/2024-2025/236328.pdf"
236948,"2024","data/cds-docs/2024-2025/236948.pdf"
237011,"2024","data/cds-docs/2024-2025/237011.pdf"
237057,"2024","data/cds-docs/2024-2025/237057.pdf"
237330,"2024","data/cds-docs/2024-2025/237330.pdf"
237525,"2024","data/cds-docs/2024-2025/237525.pdf"
238032,"2024","data/cds-docs/2024-2025/238032.pdf"
238333,"2024","data/cds-docs/2024-2025/238333.pdf"
239017,"2024","data/cds-docs/2024-2025/239017.pdf"
239105,"2024","data/cds-docs/2024-2025/239105.pdf"
239318,"2024","data/cds-docs/2024-2025/239318.pdf"
240268,"2024","data/cds-docs/2024-2025/240268.pdf"
240277,"2024","data/cds-docs/2024-2025/240277.pdf"
240444,"2024","data/cds-docs/2024-2025/240444.pdf"
240727,"2024","data/cds-docs/2024-2025/240727.pdf"
243142,"2024","data/cds-docs/2024-2025/243142.pdf"
243744,"2024","data/cds-docs/2024-2025/243744.pdf"
262129,"2024","data/cds-docs/2024-2025/262129.pdf"
433660,"2024","data/cds-docs/2024-2025/433660.pdf"
443049,"2024","data/cds-docs/2024-2025/443049.pdf"
447689,"2024","data/cds-docs/2024-2025/447689.pdf"
487603,"2024","data/cds-docs/2024-2025/487603.pdf"
498562,"2024","data/cds-docs/2024-2025/498562.pdf"
100706,"2025","data/cds-docs/2025-2026/100706.pdf"
102094,"2025","data/cds-docs/2025-2026/102094.pdf"
102614,"2025","data/cds-docs/2025-2026/102614.pdf"
104151,"2025","data/cds-docs/2025-2026/104151.pdf"
106458,"2025","data/cds-docs/2025-2026/106458.pdf"
106467,"2025","data/cds-docs/2025-2026/106467.pdf"
107558,"2025","data/cds-docs/2025-2026/107558.pdf"
109651,"2025","data/cds-docs/2025-2026/109651.pdf"
110404,"2025","data/cds-docs/2025-2026/110404.pdf"
110422,"2025","data/cds-docs/2025-2026/110422.pdf"
110510,"2025","data/cds-docs/2025-2026/110510.pdf"
110529,"2025","data/cds-docs/2025-2026/110529.pdf"
110538,"2025","data/cds-docs/2025-2026/110538.pdf"
110565,"2025","data/cds-docs/2025-2026/110565.pdf"
110583,"2025","data/cds-docs/2025-2026/110583.pdf"
110592,"2025","data/cds-docs/2025-2026/110592.pdf"
110617,"2025","data/cds-docs/2025-2026/110617.pdf"
110644,"2025","data/cds-docs/2025-2026/110644.pdf"
110671,"2025","data/cds-docs/2025-2026/110671.pdf"
110714,"2025","data/cds-docs/2025-2026/110714.pdf"
111948,"2025","data/cds-docs/2025-2026/111948.pdf"
112260,"2025","data/cds-docs/2025-2026/112260.pdf"
115409,"2025","data/cds-docs/2025-2026/115409.pdf"
120254,"2025","data/cds-docs/2025-2026/120254.pdf"
120537,"2025","data/cds-docs/2025-2026/120537.pdf"
120883,"2025","data/cds-docs/2025-2026/120883.pdf"
122436,"2025","data/cds-docs/2025-2026/122436.pdf"
122755,"2025","data/cds-docs/2025-2026/122755.pdf"
122931,"2025","data/cds-docs/2025-2026/122931.pdf"
123651,"2025","data/cds-docs/2025-2026/123651.pdf"
126580,"2025","data/cds-docs/2025-2026/126580.pdf"
126818,"2025","data/cds-docs/2025-2026/126818.pdf"
127918,"2025","data/cds-docs/2025-2026/127918.pdf"
128106,"2025","data/cds-docs/2025-2026/128106.pdf"
128902,"2025","data/cds-docs/2025-2026/128902.pdf"
129215,"2025","data/cds-docs/2025-2026/129215.pdf"
129428,"2025","data/cds-docs/2025-2026/129428.pdf"
130314,"2025","data/cds-docs/2025-2026/130314.pdf"
131159,"2025","data/cds-docs/2025-2026/131159.pdf"
131450,"2025","data/cds-docs/2025-2026/131450.pdf"
131520,"2025","data/cds-docs/2025-2026/131520.pdf"
132879,"2025","data/cds-docs/2025-2026/132879.pdf"
133650,"2025","data/cds-docs/2025-2026/133650.pdf"
133669,"2025","data/cds-docs/2025-2026/133669.pdf"
137546,"2025","data/cds-docs/2025-2026/137546.pdf"
138600,"2025","data/cds-docs/2025-2026/138600.pdf"
139393,"2025","data/cds-docs/2025-2026/139393.pdf"
139755,"2025","data/cds-docs/2025-2026/139755.pdf"
140696,"2025","data/cds-docs/2025-2026/140696.pdf"
141060,"2025","data/cds-docs/2025-2026/141060.pdf"
141334,"2025","data/cds-docs/2025-2026/141334.pdf"
142115,"2025","data/cds-docs/2025-2026/142115.pdf"
142328,"2025","data/cds-docs/2025-2026/142328.pdf"
143084,"2025","data/cds-docs/2025-2026/143084.pdf"
143118,"2025","data/cds-docs/2025-2026/143118.pdf"
145600,"2025","data/cds-docs/2025-2026/145600.pdf"
145646,"2025","data/cds-docs/2025-2026/145646.pdf"
146427,"2025","data/cds-docs/2025-2026/146427.pdf"
146612,"2025","data/cds-docs/2025-2026/146612.pdf"
146667,"2025","data/cds-docs/2025-2026/146667.pdf"
146719,"2025","data/cds-docs/2025-2026/146719.pdf"
148131,"2025","data/cds-docs/2025-2026/148131.pdf"
148496,"2025","data/cds-docs/2025-2026/148496.pdf"
150163,"2025","data/cds-docs/2025-2026/150163.pdf"
150455,"2025","data/cds-docs/2025-2026/150455.pdf"
151102,"2025","data/cds-docs/2025-2026/151102.pdf"
151324,"2025","data/cds-docs/2025-2026/151324.pdf"
152318,"2025","data/cds-docs/2025-2026/152318.pdf"
152600,"2025","data/cds-docs/2025-2026/152600.pdf"
153658,"2025","data/cds-docs/2025-2026/153658.pdf"
155317,"2025","data/cds-docs/2025-2026/155317.pdf"
156286,"2025","data/cds-docs/2025-2026/156286.pdf"
156408,"2025","data/cds-docs/2025-2026/156408.pdf"
157386,"2025","data/cds-docs/2025-2026/157386.pdf"
157535,"2025","data/cds-docs/2025-2026/157535.pdf"
159656,"2025","data/cds-docs/2025-2026/159656.pdf"
160612,"2025","data/cds-docs/2025-2026/160612.pdf"
160977,"2025","data/cds-docs/2025-2026/160977.pdf"
161004,"2025","data/cds-docs/2025-2026/161004.pdf"
162584,"2025","data/cds-docs/2025-2026/162584.pdf"
162654,"2025","data/cds-docs/2025-2026/162654.pdf"
163046,"2025","data/cds-docs/2025-2026/163046.pdf"
163462,"2025","data/cds-docs/2025-2026/163462.pdf"
163851,"2025","data/cds-docs/2025-2026/163851.pdf"
163912,"2025","data/cds-docs/2025-2026/163912.pdf"
164076,"2025","data/cds-docs/2025-2026/164076.pdf"
164216,"2025","data/cds-docs/2025-2026/164216.pdf"
164748,"2025","data/cds-docs/2025-2026/164748.pdf"
164988,"2025","data/cds-docs/2025-2026/164988.pdf"
166629,"2025","data/cds-docs/2025-2026/166629___www_umass_edu_uair_media_1062_download.pdf"
166629,"2025","data/cds-docs/2025-2026/166629.pdf"
168421,"2025","data/cds-docs/2025-2026/168421.pdf"
168847,"2025","data/cds-docs/2025-2026/168847.pdf"
169099,"2025","data/cds-docs/2025-2026/169099.pdf"
169716,"2025","data/cds-docs/2025-2026/169716.pdf"
169910,"2025","data/cds-docs/2025-2026/169910.pdf"
170301,"2025","data/cds-docs/2025-2026/170301.pdf"
170976,"2025","data/cds-docs/2025-2026/170976.pdf"
172644,"2025","data/cds-docs/2025-2026/172644.pdf"
172699,"2025","data/cds-docs/2025-2026/172699.pdf"
173258,"2025","data/cds-docs/2025-2026/173258.pdf"
173902,"2025","data/cds-docs/2025-2026/173902.pdf"
174783,"2025","data/cds-docs/2025-2026/174783.pdf"
177214,"2025","data/cds-docs/2025-2026/177214.pdf"
178341,"2025","data/cds-docs/2025-2026/178341.pdf"
178387,"2025","data/cds-docs/2025-2026/178387.pdf"
178402,"2025","data/cds-docs/2025-2026/178402.pdf"
178420,"2025","data/cds-docs/2025-2026/178420.pdf"
179867,"2025","data/cds-docs/2025-2026/179867.pdf"
180179,"2025","data/cds-docs/2025-2026/180179.pdf"
180461,"2025","data/cds-docs/2025-2026/180461.pdf"
180595,"2025","data/cds-docs/2025-2026/180595.pdf"
181002,"2025","data/cds-docs/2025-2026/181002.pdf"
182670,"2025","data/cds-docs/2025-2026/182670.pdf"
182917,"2025","data/cds-docs/2025-2026/182917.pdf"
183044,"2025","data/cds-docs/2025-2026/183044.pdf"
185590,"2025","data/cds-docs/2025-2026/185590.pdf"
186201,"2025","data/cds-docs/2025-2026/186201.pdf"
187134,"2025","data/cds-docs/2025-2026/187134.pdf"
191630,"2025","data/cds-docs/2025-2026/191630.pdf"
192703,"2025","data/cds-docs/2025-2026/192703.pdf"
194310,"2025","data/cds-docs/2025-2026/194310.pdf"
195030,"2025","data/cds-docs/2025-2026/195030.pdf"
195474,"2025","data/cds-docs/2025-2026/195474.pdf"
195526,"2025","data/cds-docs/2025-2026/195526.pdf"
195720,"2025","data/cds-docs/2025-2026/195720.pdf"
196015,"2025","data/cds-docs/2025-2026/196015.pdf"
196088,"2025","data/cds-docs/2025-2026/196088.pdf"
196200,"2025","data/cds-docs/2025-2026/196200.pdf"
196866,"2025","data/cds-docs/2025-2026/196866.pdf"
197230,"2025","data/cds-docs/2025-2026/197230.pdf"
197911,"2025","data/cds-docs/2025-2026/197911.pdf"
198385,"2025","data/cds-docs/2025-2026/198385.pdf"
198419,"2025","data/cds-docs/2025-2026/198419.pdf"
199111,"2025","data/cds-docs/2025-2026/199111.pdf"
199281,"2025","data/cds-docs/2025-2026/199281.pdf"
199847,"2025","data/cds-docs/2025-2026/199847.pdf"
200800,"2025","data/cds-docs/2025-2026/200800.pdf"
202480,"2025","data/cds-docs/2025-2026/202480.pdf"
203128,"2025","data/cds-docs/2025-2026/203128.pdf"
203368,"2025","data/cds-docs/2025-2026/203368.pdf"
204468,"2025","data/cds-docs/2025-2026/204468.pdf"
204796,"2025","data/cds-docs/2025-2026/204796.pdf"
206525,"2025","data/cds-docs/2025-2026/206525.pdf"
206695,"2025","data/cds-docs/2025-2026/206695.pdf"
206914,"2025","data/cds-docs/2025-2026/206914.pdf"
207041,"2025","data/cds-docs/2025-2026/207041.pdf"
207397,"2025","data/cds-docs/2025-2026/207397.pdf"
207500,"2025","data/cds-docs/2025-2026/207500.pdf"
207564,"2025","data/cds-docs/2025-2026/207564.pdf"
207661,"2025","data/cds-docs/2025-2026/207661.pdf"
208646,"2025","data/cds-docs/2025-2026/208646.pdf"
209287,"2025","data/cds-docs/2025-2026/209287.pdf"
209506,"2025","data/cds-docs/2025-2026/209506.pdf"
209825,"2025","data/cds-docs/2025-2026/209825.pdf"
211024,"2025","data/cds-docs/2025-2026/211024.pdf"
211291,"2025","data/cds-docs/2025-2026/211291.pdf"
211352,"2025","data/cds-docs/2025-2026/211352.pdf"
212009,"2025","data/cds-docs/2025-2026/212009.pdf"
212054,"2025","data/cds-docs/2025-2026/212054.pdf"
213349,"2025","data/cds-docs/2025-2026/213349.pdf"
213598,"2025","data/cds-docs/2025-2026/213598.pdf"
213996,"2025","data/cds-docs/2025-2026/213996.pdf"
214777,"2025","data/cds-docs/2025-2026/214777.pdf"
215105,"2025","data/cds-docs/2025-2026/215105.pdf"
215415,"2025","data/cds-docs/2025-2026/215415.pdf"
215442,"2025","data/cds-docs/2025-2026/215442.pdf"
215798,"2025","data/cds-docs/2025-2026/215798.pdf"
215929,"2025","data/cds-docs/2025-2026/215929.pdf"
216287,"2025","data/cds-docs/2025-2026/216287.pdf"
216764,"2025","data/cds-docs/2025-2026/216764.pdf"
216931,"2025","data/cds-docs/2025-2026/216931.pdf"
218070,"2025","data/cds-docs/2025-2026/218070.pdf"
218539,"2025","data/cds-docs/2025-2026/218539.pdf"
218733,"2025","data/cds-docs/2025-2026/218733.pdf"
218964,"2025","data/cds-docs/2025-2026/218964.pdf"
219082,"2025","data/cds-docs/2025-2026/219082.pdf"
219709,"2025","data/cds-docs/2025-2026/219709.pdf"
220613,"2025","data/cds-docs/2025-2026/220613.pdf"
221759,"2025","data/cds-docs/2025-2026/221759.pdf"
222831,"2025","data/cds-docs/2025-2026/222831.pdf"
224147,"2025","data/cds-docs/2025-2026/224147.pdf"
224323,"2025","data/cds-docs/2025-2026/224323.pdf"
225399,"2025","data/cds-docs/2025-2026/225399.pdf"
225432,"2025","data/cds-docs/2025-2026/225432.pdf"
227182,"2025","data/cds-docs/2025-2026/227182.pdf"
227881,"2025","data/cds-docs/2025-2026/227881.pdf"
228246,"2025","data/cds-docs/2025-2026/228246.pdf"
228431,"2025","data/cds-docs/2025-2026/228431.pdf"
228723,"2025","data/cds-docs/2025-2026/228723.pdf"
228796,"2025","data/cds-docs/2025-2026/228796.pdf"
228802,"2025","data/cds-docs/2025-2026/228802.pdf"
230038,"2025","data/cds-docs/2025-2026/230038.pdf"
230782,"2025","data/cds-docs/2025-2026/230782.pdf"
230816,"2025","data/cds-docs/2025-2026/230816.pdf"
230889,"2025","data/cds-docs/2025-2026/230889.pdf"
231059,"2025","data/cds-docs/2025-2026/231059.pdf"
231174,"2025","data/cds-docs/2025-2026/231174.pdf"
231624,"2025","data/cds-docs/2025-2026/231624.pdf"
232043,"2025","data/cds-docs/2025-2026/232043.pdf"
232982,"2025","data/cds-docs/2025-2026/232982.pdf"
233277,"2025","data/cds-docs/2025-2026/233277.pdf"
234085,"2025","data/cds-docs/2025-2026/234085.pdf"
234155,"2025","data/cds-docs/2025-2026/234155.pdf"
234207,"2025","data/cds-docs/2025-2026/234207.pdf"
235097,"2025","data/cds-docs/2025-2026/235097.pdf"
236452,"2025","data/cds-docs/2025-2026/236452.pdf"
236939,"2025","data/cds-docs/2025-2026/236939.pdf"
236948,"2025","data/cds-docs/2025-2026/236948.pdf"
237011,"2025","data/cds-docs/2025-2026/237011.pdf"
237330,"2025","data/cds-docs/2025-2026/237330.pdf"
237525,"2025","data/cds-docs/2025-2026/237525.pdf"
240107,"2025","data/cds-docs/2025-2026/240107.pdf"
240268,"2025","data/cds-docs/2025-2026/240268.pdf"
240727,"2025","data/cds-docs/2025-2026/240727.pdf"
241100,"2025","data/cds-docs/2025-2026/241100.pdf"
243142,"2025","data/cds-docs/2025-2026/243142.pdf"
443049,"2025","data/cds-docs/2025-2026/443049.pdf"
487524,"2025","data/cds-docs/2025-2026/487524.pdf"
488785,"2025","data/cds-docs/2025-2026/488785.pdf"
